Date,Open,High,Low,Close,Volume,PriceMode
2023-04-28,19.96,19.98,19.32,19.49,1344645,adjusted
2023-05-01,19.44,19.53,19.11,19.25,1488410,adjusted
2023-05-02,19.17,19.17,18.48,18.64,1455394,adjusted
2023-05-03,18.63,19.0805,18.56,18.58,1010623,adjusted
2023-05-04,18.5,18.55,17.82,18.09,1321128,adjusted
2023-05-05,18.24,18.725,18.14,18.68,901282,adjusted
2023-05-08,18.68,19.035,18.345,18.77,1259652,adjusted
2023-05-09,18.49,18.91,18.29,18.81,1030405,adjusted
2023-05-10,19.09,19.09,18.6,18.64,1076924,adjusted
2023-05-11,18.5,18.735,18.2,18.71,856554,adjusted
2023-05-12,18.79,18.87,18.21,18.46,627201,adjusted
2023-05-15,18.59,19.145,18.165,19.12,787255,adjusted
2023-05-16,18.92,19.655,18.76,19.29,866415,adjusted
2023-05-17,19.49,20.66,19.44,20.59,1964592,adjusted
2023-05-18,20.69,21.51,20.585,21.47,2554086,adjusted
2023-05-19,21.625,21.74,21.08,21.21,1660687,adjusted
2023-05-22,20.9,21.79,20.88,21.71,1215709,adjusted
2023-05-23,21.7,22.115,21.43,21.45,1196830,adjusted
2023-05-24,20.89,21.04,20.415,20.78,1443713,adjusted
2023-05-25,21.045,21.48,20.58,21.15,1008724,adjusted
2023-05-26,21.29,22.645,21.245,22.41,1079904,adjusted
2023-05-30,22.75,22.959,22.04,22.24,1093939,adjusted
2023-05-31,21.73,21.985,21.44,21.74,2292997,adjusted
2023-06-01,21.74,22.5,21.41,22.23,1393919,adjusted
2023-06-02,22.51,22.67,21.9203,22.61,965076,adjusted
2023-06-05,22.37,22.53,21.76,21.9,1303358,adjusted
2023-06-06,21.74,22.46,21.74,22.09,1308842,adjusted
2023-06-07,22.33,22.95,22.33,22.43,2708905,adjusted
2023-06-08,26.88,27.37,22.71,23.52,8117740,adjusted
2023-06-09,23.61,23.92,21.35,21.4,3651017,adjusted
2023-06-12,21.68,23.125,21.61,22.82,2992350,adjusted
2023-06-13,23.35,24.1,22.92,23.34,2378967,adjusted
2023-06-14,23.3,23.67,22.97,23.09,1519715,adjusted
2023-06-15,22.87,23.14,22.58,22.6,1485529,adjusted
2023-06-16,22.85,22.98,22.0975,22.6,2746637,adjusted
2023-06-20,22.6,22.82,22.224,22.61,1245767,adjusted
2023-06-21,23.5,24.07,23.07,23.98,1679119,adjusted
2023-06-22,23.9,24.26,23.26,24.15,1472152,adjusted
2023-06-23,23.71,24.575,23.57,24.12,4552331,adjusted
2023-06-26,24.18,24.75,24.0401,24.18,1059881,adjusted
2023-06-27,24.09,25.285,24.01,25.05,1569239,adjusted
2023-06-28,24.58,24.99,24.3,24.58,1178095,adjusted
2023-06-29,24.69,25.01,24.44,25.0,679072,adjusted
2023-06-30,25.28,25.54,24.9,25.46,952928,adjusted
2023-07-03,25.6,26.21,25.58,26.16,750241,adjusted
2023-07-05,26.09,26.09,25.53,25.61,1547883,adjusted
2023-07-06,25.11,25.45,24.71,25.17,760889,adjusted
2023-07-07,25.34,26.395,25.32,26.1,1231090,adjusted
2023-07-10,26.26,26.92,26.135,26.86,1964047,adjusted
2023-07-11,26.95,27.52,26.57,27.32,1723895,adjusted
2023-07-12,27.85,28.43,27.795,27.91,2031308,adjusted
2023-07-13,27.99,29.26,27.85,29.15,1840983,adjusted
2023-07-14,29.23,29.6999,28.38,28.51,1727667,adjusted
2023-07-17,28.44,29.47,28.2001,29.43,1409676,adjusted
2023-07-18,29.43,29.97,29.365,29.62,1294248,adjusted
2023-07-19,29.61,29.71,28.67,28.69,1185579,adjusted
2023-07-20,28.22,28.3,27.37,27.46,1930479,adjusted
2023-07-21,27.75,28.05,27.115,27.2,1065677,adjusted
2023-07-24,27.28,28.02,27.28,27.58,658932,adjusted
2023-07-25,27.6,28.175,27.5,27.95,694297,adjusted
2023-07-26,27.67,28.275,27.48,28.07,565569,adjusted
2023-07-27,28.54,29.04,27.6,27.68,725161,adjusted
2023-07-28,28.19,28.54,27.9,28.49,547813,adjusted
2023-07-31,28.63,29.43,28.63,29.2,660092,adjusted
2023-08-01,28.8,29.26,28.6107,28.8,479443,adjusted
2023-08-02,28.36,28.49,27.23,27.31,950411,adjusted
2023-08-03,26.93,27.51,26.655,27.48,635906,adjusted
2023-08-04,27.36,27.91,27.24,27.48,939546,adjusted
2023-08-07,27.71,27.71,27.06,27.45,673142,adjusted
2023-08-08,27.01,27.28,26.68,27.13,464865,adjusted
2023-08-09,27.03,27.03,26.45,26.64,542952,adjusted
2023-08-10,26.87,26.96,25.97,26.04,1113103,adjusted
2023-08-11,25.73,25.73,25.2,25.35,506325,adjusted
2023-08-14,25.0,25.46,24.76,25.45,518655,adjusted
2023-08-15,25.3,25.65,24.87,24.91,761896,adjusted
2023-08-16,24.9,25.35,24.65,25.02,700055,adjusted
2023-08-17,24.91,25.21,24.835,25.03,770014,adjusted
2023-08-18,24.73,25.17,24.61,24.71,666556,adjusted
2023-08-21,24.71,25.53,24.45,25.35,538329,adjusted
2023-08-22,25.73,25.83,25.06,25.53,484351,adjusted
2023-08-23,25.48,26.21,25.32,26.1,528469,adjusted
2023-08-24,26.17,26.46,25.01,25.03,911529,adjusted
2023-08-25,25.05,25.49,24.81,25.31,599797,adjusted
2023-08-28,25.51,26.105,25.37,26.0,1165007,adjusted
2023-08-29,25.96,26.41,25.85,26.1,933518,adjusted
2023-08-30,25.96,26.07,25.39,25.53,875252,adjusted
2023-08-31,25.51,26.4,25.441,26.15,866467,adjusted
2023-09-01,26.36,26.88,26.22,26.56,616873,adjusted
2023-09-05,26.27,26.4,25.34,25.36,724786,adjusted
2023-09-06,27.04,27.06,25.12,25.6,1395455,adjusted
2023-09-07,24.07,24.88,23.93,24.66,1689160,adjusted
2023-09-08,24.78,24.85,23.775,24.21,849863,adjusted
2023-09-11,24.62,24.67,23.14,23.36,1383111,adjusted
2023-09-12,23.21,23.25,22.71,22.72,1117875,adjusted
2023-09-13,22.68,22.955,22.04,22.87,3454111,adjusted
2023-09-14,24.2,25.23,23.2001,25.18,8974011,adjusted
2023-09-15,25.09,25.95,24.7,24.98,4152148,adjusted
2023-09-18,24.81,24.99,24.19,24.29,1379773,adjusted
2023-09-19,25.02,26.23,24.97,25.07,2690696,adjusted
2023-09-20,25.08,25.94,24.58,25.48,2405711,adjusted
2023-09-21,25.24,25.725,24.78,25.22,1173477,adjusted
2023-09-22,25.52,26.47,25.3201,26.13,1164470,adjusted
2023-09-25,25.93,26.53,25.66,25.96,984261,adjusted
2023-09-26,25.9,26.385,25.39,25.41,1360970,adjusted
2023-09-27,25.45,25.61,25.01,25.45,1183022,adjusted
2023-09-28,25.47,26.24,25.36,26.04,1203371,adjusted
2023-09-29,26.36,26.6,25.69,25.75,1062099,adjusted
2023-10-02,25.7,25.95,24.795,25.21,1151050,adjusted
2023-10-03,25.255,25.67,25.065,25.14,745031,adjusted
2023-10-04,25.22,25.305,24.36,24.74,1264581,adjusted
2023-10-05,24.59,24.66,22.29,22.29,2740682,adjusted
2023-10-06,21.98,23.0,21.98,22.66,2068334,adjusted
2023-10-09,22.35,22.53,21.74,22.01,1116479,adjusted
2023-10-10,21.84,23.54,21.84,23.4,1572597,adjusted
2023-10-11,23.44,23.9,23.11,23.9,1563864,adjusted
2023-10-12,23.9,23.92,23.05,23.42,1572520,adjusted
2023-10-13,23.37,23.37,21.66,21.92,1441988,adjusted
2023-10-16,21.86,22.47,21.76,22.4,1353609,adjusted
2023-10-17,21.89,22.16,21.34,21.49,2426569,adjusted
2023-10-18,20.92,21.07,19.53,19.92,1800861,adjusted
2023-10-19,16.63,17.1,15.245,15.98,23292260,adjusted
2023-10-20,16.22,16.865,15.8101,16.49,6340251,adjusted
2023-10-23,16.38,17.04,15.81,15.82,3599781,adjusted
2023-10-24,16.29,16.49,15.68,16.1,3240073,adjusted
2023-10-25,15.69,15.928,15.06,15.28,1890295,adjusted
2023-10-26,15.31,15.555,14.91,15.34,1097158,adjusted
2023-10-27,15.31,15.37,14.44,14.5,4386672,adjusted
2023-10-30,14.36,14.66,13.13,13.69,3873922,adjusted
2023-10-31,13.73,14.2211,13.52,13.96,2002841,adjusted
2023-11-01,13.76,13.97,13.345,13.43,2111758,adjusted
2023-11-02,14.03,14.4,13.44,14.27,1907530,adjusted
2023-11-03,14.6,15.27,14.56,14.72,2204033,adjusted
2023-11-06,14.79,14.845,14.24,14.6,1201556,adjusted
2023-11-07,14.48,15.11,14.48,14.8,1315295,adjusted
2023-11-08,14.77,15.06,14.36,14.55,668203,adjusted
2023-11-09,14.62,14.75,13.645,13.77,1439916,adjusted
2023-11-10,14.02,14.71,13.79,14.6,1491533,adjusted
2023-11-13,14.35,14.4,13.94,14.33,924736,adjusted
2023-11-14,15.08,15.76,14.825,15.47,1995505,adjusted
2023-11-15,15.58,16.355,15.53,15.87,1492296,adjusted
2023-11-16,15.68,16.06,15.52,15.91,928281,adjusted
2023-11-17,15.99,16.07,15.55,15.84,2231796,adjusted
2023-11-20,15.68,16.11,15.39,15.91,917807,adjusted
2023-11-21,15.65,15.65,15.05,15.06,974299,adjusted
2023-11-22,15.32,15.858,15.14,15.77,1068914,adjusted
2023-11-24,15.53,16.15,15.53,16.13,508826,adjusted
2023-11-27,15.9,16.39,15.68,16.38,1123268,adjusted
2023-11-28,16.28,16.505,16.075,16.4,2474037,adjusted
2023-11-29,16.55,17.0,16.15,16.34,1184811,adjusted
2023-11-30,16.45,16.45,15.87,16.37,1643460,adjusted
2023-12-01,16.15,16.84,15.63,16.82,1582040,adjusted
2023-12-04,16.72,17.18,16.58,16.81,1737803,adjusted
2023-12-05,16.67,16.8,16.19,16.68,2200455,adjusted
2023-12-06,16.95,17.55,16.65,16.7,3453487,adjusted
2023-12-07,18.5,20.48,18.03,19.42,9463077,adjusted
2023-12-08,19.56,20.37,19.23,20.04,3580749,adjusted
2023-12-11,20.03,21.038,19.81,20.62,3534336,adjusted
2023-12-12,20.51,20.72,20.22,20.48,2208842,adjusted
2023-12-13,20.5,21.52,20.17,21.49,1996821,adjusted
2023-12-14,22.06,23.02,21.93,22.88,3123275,adjusted
2023-12-15,23.24,23.27,22.19,22.29,3836664,adjusted
2023-12-18,22.35,22.45,21.82,22.09,1619022,adjusted
2023-12-19,22.04,22.46,21.64,21.7,1621753,adjusted
2023-12-20,21.47,22.0856,20.97,21.0,1368666,adjusted
2023-12-21,21.62,22.26,21.555,22.25,1009816,adjusted
2023-12-22,22.3,22.48,21.92,22.28,736337,adjusted
2023-12-26,22.48,22.74,22.2501,22.56,750123,adjusted
2023-12-27,22.79,22.79,22.28,22.37,550521,adjusted
2023-12-28,22.32,22.6,22.12,22.25,1148607,adjusted
2023-12-29,22.25,22.31,21.785,21.91,496136,adjusted
2024-01-02,21.66,22.08,21.36,21.64,1774151,adjusted
2024-01-03,21.15,21.15,20.18,20.46,2062252,adjusted
2024-01-04,20.03,20.56,19.87,20.4,1073106,adjusted
2024-01-05,20.36,20.55,20.07,20.47,710701,adjusted
2024-01-08,20.62,21.15,20.45,21.03,923369,adjusted
2024-01-09,20.81,21.23,20.69,20.94,828452,adjusted
2024-01-10,20.79,20.92,20.17,20.6,859863,adjusted
2024-01-11,20.5,20.745,19.91,20.0,774454,adjusted
2024-01-12,20.18,20.35,19.05,19.06,703987,adjusted
2024-01-16,18.8,18.8,18.36,18.55,1460814,adjusted
2024-01-17,18.22,18.65,18.16,18.48,1941586,adjusted
2024-01-18,19.05,19.86,18.99,19.85,2240662,adjusted
2024-01-19,20.02,21.38,19.9101,21.2,1507750,adjusted
2024-01-22,21.51,22.07,21.37,22.04,1427236,adjusted
2024-01-23,22.44,22.65,22.02,22.35,1044394,adjusted
2024-01-24,22.6,22.6,21.629,21.92,1269416,adjusted
2024-01-25,22.3,22.49,21.26,21.26,641666,adjusted
2024-01-26,21.15,21.5,20.57,20.59,739875,adjusted
2024-01-29,20.54,21.4,20.23,21.35,553954,adjusted
2024-01-30,21.14,21.2953,20.56,20.77,753767,adjusted
2024-01-31,20.61,20.71,19.8,19.84,1151957,adjusted
2024-02-01,19.96,20.07,19.41,19.77,867385,adjusted
2024-02-02,19.47,19.6,19.15,19.38,630261,adjusted
2024-02-05,19.3,19.545,18.715,19.32,743998,adjusted
2024-02-06,19.3,19.555,18.92,19.47,584306,adjusted
2024-02-07,19.64,20.03,19.34,19.83,646283,adjusted
2024-02-08,19.93,20.655,19.93,20.26,909632,adjusted
2024-02-09,20.42,21.19,20.37,21.0,773224,adjusted
2024-02-12,21.21,21.535,20.93,21.01,1179923,adjusted
2024-02-13,19.86,19.93,19.12,19.28,2849835,adjusted
2024-02-14,19.8,20.31,19.55,20.26,1078398,adjusted
2024-02-15,20.64,20.655,19.76,19.94,960956,adjusted
2024-02-16,19.95,20.23,19.2,19.92,941358,adjusted
2024-02-20,19.44,20.35,19.44,20.08,772407,adjusted
2024-02-21,19.7,20.12,19.39,20.1,623509,adjusted
2024-02-22,20.51,21.405,20.2,20.83,1480153,adjusted
2024-02-23,20.69,20.93,19.7583,20.3,1164255,adjusted
2024-02-26,20.34,20.99,20.34,20.66,826205,adjusted
2024-02-27,20.99,20.99,20.33,20.35,1009001,adjusted
2024-02-28,20.21,20.56,19.83,20.52,683966,adjusted
2024-02-29,21.03,21.44,20.82,21.2,1108094,adjusted
2024-03-01,21.42,22.34,21.07,22.3,1680570,adjusted
2024-03-04,22.69,22.7,21.7001,21.84,1004193,adjusted
2024-03-05,21.5,21.9099,21.48,21.82,726339,adjusted
2024-03-06,22.38,23.475,22.215,23.32,1184974,adjusted
2024-03-07,23.58,24.04,23.16,23.71,1255179,adjusted
2024-03-08,23.99,24.57,23.32,23.35,1896295,adjusted
2024-03-11,23.17,23.48,22.48,22.57,858168,adjusted
2024-03-12,22.52,23.41,22.04,23.34,797251,adjusted
2024-03-13,23.2,23.68,22.75,23.15,898945,adjusted
2024-03-14,23.32,23.32,22.01,22.44,1240159,adjusted
2024-03-15,21.86,22.889,21.77,22.85,1556427,adjusted
2024-03-18,23.14,23.26,22.01,22.53,1059785,adjusted
2024-03-19,22.06,22.71,21.64,22.42,840272,adjusted
2024-03-20,22.22,22.73,21.56,22.38,781888,adjusted
2024-03-21,22.98,23.46,22.75,23.05,888696,adjusted
2024-03-22,22.9,23.33,22.74,22.92,761344,adjusted
2024-03-25,22.7,22.8779,22.13,22.27,803812,adjusted
2024-03-26,23.24,25.6,23.1673,25.17,3752599,adjusted
2024-03-27,26.17,28.4193,25.78,27.86,9010839,adjusted
2024-03-28,28.1,28.44,27.13,27.49,5752772,adjusted
2024-04-01,28.52,30.84,27.75,29.37,7991229,adjusted
2024-04-02,28.46,28.96,27.52,28.19,2740928,adjusted
2024-04-03,27.96,32.23,27.64,31.48,5515524,adjusted
2024-04-04,31.95,35.29,31.58,33.06,7725522,adjusted
2024-04-05,32.84,33.78,32.1,32.54,3311770,adjusted
2024-04-08,33.04,35.8,33.04,33.86,5587390,adjusted
2024-04-09,34.21,35.65,33.26,34.76,4088382,adjusted
2024-04-10,33.89,35.1499,33.135,33.23,4336838,adjusted
2024-04-11,33.62,35.35,32.5,35.0,3821002,adjusted
2024-04-12,34.38,34.765,32.45,32.64,3547411,adjusted
2024-04-15,32.99,33.46,31.83,32.39,6378312,adjusted
2024-04-16,32.31,33.0,31.7,32.94,2703742,adjusted
2024-04-17,32.94,33.47,31.975,32.86,2280046,adjusted
2024-04-18,33.22,33.26,31.76,32.05,2575751,adjusted
2024-04-19,31.63,32.32,30.53,31.05,2716645,adjusted
2024-04-22,31.34,32.74,30.97,32.07,2571763,adjusted
2024-04-23,32.53,33.9214,31.79,32.64,4529111,adjusted
2024-04-24,33.59,33.93,32.655,33.9,2794688,adjusted
2024-04-25,33.46,35.0955,33.29,34.7,1990618,adjusted
2024-04-26,35.0,35.93,34.21,35.77,1651387,adjusted
2024-04-29,36.0,37.08,35.2603,37.05,2260521,adjusted
2024-04-30,36.68,38.45,36.53,37.62,3074547,adjusted
2024-05-01,36.69,39.09,36.22,37.64,2623999,adjusted
2024-05-02,38.36,38.76,36.75,38.68,2295785,adjusted
2024-05-03,39.29,39.69,38.65,39.01,1399483,adjusted
2024-05-06,39.48,39.92,39.02,39.71,1181060,adjusted
2024-05-07,39.88,40.19,39.42,39.81,1151956,adjusted
2024-05-08,39.73,41.36,39.51,40.85,1609428,adjusted
2024-05-09,40.92,41.11,38.37,39.0,1741636,adjusted
2024-05-10,39.28,40.04,39.09,39.59,1098654,adjusted
2024-05-13,39.6,39.87,38.57,38.64,1028134,adjusted
2024-05-14,38.75,40.13,38.51,39.4,1158891,adjusted
2024-05-15,39.92,40.365,38.52,39.96,1170682,adjusted
2024-05-16,39.93,40.76,39.79,39.84,906391,adjusted
2024-05-17,39.92,40.82,39.77,39.95,817472,adjusted
2024-05-20,40.07,40.59,39.48,40.21,825214,adjusted
2024-05-21,39.54,41.62,39.5,40.62,1587730,adjusted
2024-05-22,40.91,41.33,39.62,39.88,953540,adjusted
2024-05-23,40.8,40.96,38.7,39.38,1016488,adjusted
2024-05-24,40.01,40.71,39.77,40.25,536769,adjusted
2024-05-28,40.74,41.39,40.18,40.54,875795,adjusted
2024-05-29,40.37,42.61,40.01,40.59,1406994,adjusted
2024-05-30,40.25,40.7099,38.21,38.91,1651224,adjusted
2024-05-31,39.2,40.0,38.18,38.89,2092334,adjusted
2024-06-03,40.33,40.5644,37.71,38.18,1820598,adjusted
2024-06-04,37.94,38.1,37.01,37.38,2239516,adjusted
2024-06-05,37.92,38.83,37.5,38.68,2310477,adjusted
2024-06-06,44.33,46.86,37.51,37.98,6638688,adjusted
2024-06-07,30.17,31.9961,27.52,31.18,11935475,adjusted
2024-06-10,31.31,33.15,30.0,31.97,3627064,adjusted
2024-06-11,31.57,32.5299,30.615,31.0,2301820,adjusted
2024-06-12,31.56,32.23,30.06,30.37,3164449,adjusted
2024-06-13,30.38,30.51,29.33,29.72,2548591,adjusted
2024-06-14,29.09,29.78,28.8852,29.53,1300916,adjusted
2024-06-17,29.53,30.85,29.41,30.75,1289347,adjusted
2024-06-18,30.7,30.7001,29.32,29.5,1583075,adjusted
2024-06-20,29.44,29.75,28.98,29.48,1049937,adjusted
2024-06-21,29.3,30.365,28.88,30.14,2211301,adjusted
2024-06-24,29.86,30.13,29.27,29.34,991880,adjusted
2024-06-25,29.43,30.08,28.97,29.76,931747,adjusted
2024-06-26,29.75,30.62,29.28,29.47,2056186,adjusted
2024-06-27,29.51,29.54,28.29,28.69,1589396,adjusted
2024-06-28,28.95,30.4,28.95,29.88,3923016,adjusted
2024-07-01,29.93,31.51,29.44,31.5,1513615,adjusted
2024-07-02,31.62,32.86,31.315,32.79,1390368,adjusted
2024-07-03,33.03,33.11,32.08,32.28,708202,adjusted
2024-07-05,32.39,33.62,32.12,33.02,865109,adjusted
2024-07-08,33.28,34.31,33.16,33.82,1703269,adjusted
2024-07-09,34.07,34.5,33.3,33.7,1096870,adjusted
2024-07-10,34.13,35.28,33.7101,35.14,947553,adjusted
2024-07-11,35.65,37.47,35.58,36.9,2133512,adjusted
2024-07-12,36.22,37.0,35.51,35.86,2453801,adjusted
2024-07-15,36.28,36.92,35.03,36.45,1736690,adjusted
2024-07-16,36.66,36.81,34.93,36.33,1490615,adjusted
2024-07-17,35.0,35.08,32.5,33.04,2407123,adjusted
2024-07-18,33.51,33.75,31.85,32.46,1348444,adjusted
2024-07-19,32.33,32.33,31.34,31.66,1284409,adjusted
2024-07-22,32.44,33.14,31.57,33.05,1283470,adjusted
2024-07-23,32.49,33.89,32.34,33.41,749739,adjusted
2024-07-24,32.53,33.34,32.03,32.11,960668,adjusted
2024-07-25,32.21,32.21,28.64,28.91,4252799,adjusted
2024-07-26,29.53,31.03,29.29,30.99,1733151,adjusted
2024-07-29,31.62,32.1,31.185,31.65,1054340,adjusted
2024-07-30,31.81,31.94,30.04,30.16,1549813,adjusted
2024-07-31,31.15,32.68,30.83,31.72,2071033,adjusted
2024-08-01,31.56,31.865,29.99,30.81,1796534,adjusted
2024-08-02,29.35,31.07,29.26,30.49,1477526,adjusted
2024-08-05,28.0,29.34,27.56,28.0,2864526,adjusted
2024-08-06,28.09,29.42,27.675,28.79,1581791,adjusted
2024-08-07,29.69,29.89,27.25,27.61,1355740,adjusted
2024-08-08,28.25,29.675,27.865,29.64,1973116,adjusted
2024-08-09,29.39,30.41,29.2006,30.25,1481295,adjusted
2024-08-12,30.28,30.69,29.45,30.08,1403171,adjusted
2024-08-13,30.56,33.74,30.5194,33.34,2208007,adjusted
2024-08-14,34.0,34.04,32.59,33.42,1444921,adjusted
2024-08-15,34.52,36.28,34.32,35.96,1447394,adjusted
2024-08-16,35.9,36.58,35.55,35.9,1144220,adjusted
2024-08-19,35.94,36.03,34.8301,36.0,1082121,adjusted
2024-08-20,35.81,36.6,35.38,36.34,779288,adjusted
2024-08-21,36.89,37.21,36.04,36.44,1206842,adjusted
2024-08-22,36.59,36.83,35.24,35.3,931280,adjusted
2024-08-23,36.17,36.93,35.68,36.91,1314162,adjusted
2024-08-26,36.89,37.55,36.3811,37.03,1115332,adjusted
2024-08-27,36.66,38.515,36.02,38.16,2476546,adjusted
2024-08-28,40.5,42.75,37.51,42.43,5826192,adjusted
2024-08-29,42.4,43.92,41.95,43.53,3069362,adjusted
2024-08-30,44.39,45.21,43.55,43.82,2381263,adjusted
2024-09-03,42.8,43.29,41.415,41.58,1868259,adjusted
2024-09-04,41.03,43.38,40.67,42.48,1515263,adjusted
2024-09-05,41.56,43.13,41.21,42.17,1699931,adjusted
2024-09-06,42.58,42.66,39.15,39.46,1729815,adjusted
2024-09-09,39.5,41.15,39.48,40.11,1274193,adjusted
2024-09-10,40.39,40.44,38.69,39.35,848054,adjusted
2024-09-11,39.57,40.88,39.1,40.7,1402098,adjusted
2024-09-12,40.76,41.56,40.32,40.59,912324,adjusted
2024-09-13,41.17,41.79,40.8,41.63,1056914,adjusted
2024-09-16,41.0,41.44,39.56,40.06,964486,adjusted
2024-09-17,40.76,42.755,40.44,42.47,1348064,adjusted
2024-09-18,42.47,45.04,42.18,44.03,2373141,adjusted
2024-09-19,45.61,47.49,44.345,46.09,3706301,adjusted
2024-09-20,46.14,46.69,45.5,46.0,5623999,adjusted
2024-09-23,46.12,46.25,44.3,46.22,1161182,adjusted
2024-09-24,46.87,47.81,46.33,47.6,1332448,adjusted
2024-09-25,47.36,48.24,46.92,47.47,1153184,adjusted
2024-09-26,49.2,49.53,46.7,47.4,1528353,adjusted
2024-09-27,47.5,47.6689,45.88,46.35,824137,adjusted
2024-09-30,45.57,46.69,44.65,45.66,1507809,adjusted
2024-10-01,45.53,45.68,41.92,42.08,2184874,adjusted
2024-10-02,41.85,43.31,40.59,41.06,2896908,adjusted
2024-10-03,40.56,41.18,39.435,40.58,2067425,adjusted
2024-10-04,41.35,42.7,41.275,41.68,1615611,adjusted
2024-10-07,41.27,43.42,41.27,43.36,2283734,adjusted
2024-10-08,43.69,44.22,42.4,42.43,1329325,adjusted
2024-10-09,42.52,43.045,40.63,41.14,1557907,adjusted
2024-10-10,40.85,42.62,40.74,42.57,1831036,adjusted
2024-10-11,42.38,44.605,42.15,44.0,1130909,adjusted
2024-10-14,44.39,45.65,44.061,45.38,1341175,adjusted
2024-10-15,45.28,46.04,43.645,44.14,1528845,adjusted
2024-10-16,44.86,45.795,43.36,45.02,1051807,adjusted
2024-10-17,45.77,46.769,43.95,43.96,1557573,adjusted
2024-10-18,44.13,44.5699,41.94,43.88,1375641,adjusted
2024-10-21,43.875,44.397,43.04,43.95,726258,adjusted
2024-10-22,43.84,45.37,43.47,44.07,930220,adjusted
2024-10-23,43.85,45.39,43.74,44.8,748235,adjusted
2024-10-24,44.82,45.02,43.9,44.11,979577,adjusted
2024-10-25,44.55,46.19,43.9001,45.47,1037580,adjusted
2024-10-28,45.56,46.315,44.895,44.97,652544,adjusted
2024-10-29,44.73,48.09,44.5109,47.76,1533865,adjusted
2024-10-30,46.85,48.15,46.1083,46.84,1088792,adjusted
2024-10-31,46.17,46.26,44.02,44.19,1439704,adjusted
2024-11-01,44.47,45.82,44.33,44.54,815389,adjusted
2024-11-04,44.4,44.8,43.07,43.92,556076,adjusted
2024-11-05,43.94,47.24,43.75,47.04,1230746,adjusted
2024-11-06,48.11,49.8498,47.55,47.74,1270725,adjusted
2024-11-07,48.26,50.62,48.005,50.58,1358125,adjusted
2024-11-08,50.86,52.98,50.25,52.82,1206421,adjusted
2024-11-11,52.81,53.22,49.9,50.68,1031939,adjusted
2024-11-12,50.36,50.72,48.57,49.22,652420,adjusted
2024-11-13,49.03,50.2,48.41,49.01,1018298,adjusted
2024-11-14,49.52,50.5,47.0839,47.33,1126158,adjusted
2024-11-15,46.92,46.92,43.3,44.1,1881679,adjusted
2024-11-18,43.78,46.2,43.78,45.84,857177,adjusted
2024-11-19,45.26,48.11,45.185,47.24,1144767,adjusted
2024-11-20,47.5,49.26,46.3201,49.17,773167,adjusted
2024-11-21,49.37,52.25,49.37,50.9,1219676,adjusted
2024-11-22,50.8,52.17,49.9,50.89,1613782,adjusted
2024-11-25,52.37,53.74,51.5,53.44,3896707,adjusted
2024-11-26,63.5,66.64,57.51,63.11,6885047,adjusted
2024-11-27,62.75,65.12,61.4,64.2,2766536,adjusted
2024-11-29,64.69,65.33,62.75,64.04,1113717,adjusted
2024-12-02,64.61,64.97,61.74,62.68,1752521,adjusted
2024-12-03,62.79,67.0,61.34,66.95,1812406,adjusted
2024-12-04,68.0,70.27,66.05,69.1,2497611,adjusted
2024-12-05,66.46,68.1955,64.62,65.38,2198098,adjusted
2024-12-06,65.8,67.32,63.0,66.12,6944777,adjusted
2024-12-09,65.3,66.25,62.52,64.94,5414519,adjusted
2024-12-10,63.98,65.08,61.46,62.9,3407134,adjusted
2024-12-11,63.31,64.54,61.29,64.11,1334875,adjusted
2024-12-12,64.01,65.96,63.0,64.54,1207362,adjusted
2024-12-13,66.05,68.9599,64.74,65.15,2039799,adjusted
2024-12-16,66.05,68.87,65.7201,68.27,2022437,adjusted
2024-12-17,67.915,67.915,64.13,65.73,2191453,adjusted
2024-12-18,66.71,67.02,61.73,62.92,1584956,adjusted
2024-12-19,63.41,64.17,62.29,63.58,1538238,adjusted
2024-12-20,62.33,65.73,62.26,63.55,3671350,adjusted
2024-12-23,64.2,64.66,62.0,62.88,1055694,adjusted
2024-12-24,63.85,64.75,63.16,64.49,350851,adjusted
2024-12-26,63.95,66.28,63.13,65.67,751149,adjusted
2024-12-27,65.01,65.15,62.1,63.33,1011189,adjusted
2024-12-30,62.02,63.02,61.14,61.7,870175,adjusted
2024-12-31,62.36,62.8,61.19,61.85,804192,adjusted
2025-01-02,62.53,63.4278,61.37,62.1,1006027,adjusted
2025-01-03,63.2,66.31,62.72,66.13,1773543,adjusted
2025-01-06,68.0,68.2487,66.44,67.49,1185387,adjusted
2025-01-07,67.61,68.8,64.5,65.15,1101360,adjusted
2025-01-08,64.0,67.66,63.59,67.6,1305321,adjusted
2025-01-10,65.9,66.78,63.9592,66.15,1503362,adjusted
2025-01-13,64.01,66.22,63.15,65.35,1002836,adjusted
2025-01-14,67.1,67.83,64.37,64.48,936006,adjusted
2025-01-15,66.94,73.96,66.22,72.51,4270844,adjusted
2025-01-16,72.66,72.87,67.7,68.93,3401476,adjusted
2025-01-17,71.5,75.7527,70.64,75.0,2812384,adjusted
2025-01-21,76.23,77.24,73.78,77.15,1643400,adjusted
2025-01-22,78.89,79.5225,75.17,75.995,1694438,adjusted
2025-01-23,74.88,76.59,74.0,75.91,1316269,adjusted
2025-01-24,75.75,75.93,72.96,73.02,1055540,adjusted
2025-01-27,65.495,66.0,53.25,57.33,5370398,adjusted
2025-01-28,58.225,61.18,57.751,61.11,2704270,adjusted
2025-01-29,61.22,61.3101,58.7,60.3,1724387,adjusted
2025-01-30,62.47,67.93,62.415,67.69,2460331,adjusted
2025-01-31,68.32,69.12,64.84,66.96,2342030,adjusted
2025-02-03,63.24,65.57,62.31,63.46,1519079,adjusted
2025-02-04,63.54,66.3,63.54,66.22,1923327,adjusted
2025-02-05,66.19,67.845,64.6,66.46,1121269,adjusted
2025-02-06,66.25,66.5,60.17,60.5,2730879,adjusted
2025-02-07,58.56,58.9522,50.57,54.51,7260275,adjusted
2025-02-10,39.99,40.3,36.0,37.6,19354373,adjusted
2025-02-11,37.19,38.22,35.965,38.18,5847295,adjusted
2025-02-12,36.9,37.665,35.91,36.65,4107638,adjusted
2025-02-13,36.93,37.515,36.13,36.73,2409963,adjusted
2025-02-14,36.87,37.43,36.1101,37.38,2182462,adjusted
2025-02-18,37.47,37.76,36.25,37.05,2337228,adjusted
2025-02-19,37.34,38.09,37.03,37.89,2514949,adjusted
2025-02-20,37.99,39.86,37.91,38.71,2637309,adjusted
2025-02-21,38.925,39.4,37.07,37.1,2267594,adjusted
2025-02-24,37.01,37.47,35.2659,36.67,1992422,adjusted
2025-02-25,36.5,37.43,35.69,36.82,1527560,adjusted
2025-02-26,37.52,39.23,37.3,38.88,2385011,adjusted
2025-02-27,39.7,39.7,34.95,35.06,2066427,adjusted
2025-02-28,34.725,38.595,34.25,38.19,3175269,adjusted
2025-03-03,38.71,38.9,34.96,35.58,2369457,adjusted
2025-03-04,35.43,37.22,34.6,36.05,2129978,adjusted
2025-03-05,36.41,37.28,35.5099,36.84,1481081,adjusted
2025-03-06,35.26,36.14,32.26,32.33,2839000,adjusted
2025-03-07,32.54,33.55,29.9807,33.5,4056944,adjusted
2025-03-10,32.6,33.34,31.03,31.44,2818641,adjusted
2025-03-11,32.35,33.18,31.535,32.2,2927257,adjusted
2025-03-12,33.56,34.31,32.35,33.85,2956686,adjusted
2025-03-13,33.74,33.83,32.19,32.71,3298105,adjusted
2025-03-14,37.26,39.78,35.45,39.6,8103943,adjusted
2025-03-17,39.94,40.595,38.14,39.43,3619522,adjusted
2025-03-18,39.54,39.75,38.01,38.65,2176495,adjusted
2025-03-19,38.97,42.34,38.7,41.61,3184942,adjusted
2025-03-20,40.99,41.72,40.38,40.64,2596205,adjusted
2025-03-21,39.67,40.16,39.11,39.62,3375576,adjusted
2025-03-24,40.39,41.4899,40.16,40.34,1470094,adjusted
2025-03-25,40.2,40.53,39.41,40.07,1768922,adjusted
2025-03-26,39.82,40.2,38.07,38.69,1513425,adjusted
2025-03-27,37.92,38.6,36.9104,36.95,1889323,adjusted
2025-03-28,36.55,36.86,34.62,35.05,2156136,adjusted
2025-03-31,33.79,34.65,32.54,34.4,2855509,adjusted
2025-04-01,34.795,35.13,33.56,34.86,2320736,adjusted
2025-04-02,33.8,37.36,33.76,36.62,1691853,adjusted
2025-04-03,33.57,34.0,29.56,29.71,4204895,adjusted
2025-04-04,27.82,28.23,25.17,28.01,3816682,adjusted
2025-04-07,26.01,31.1,25.59,28.31,3018061,adjusted
2025-04-08,30.285,30.56,24.715,25.86,4084937,adjusted
2025-04-09,26.22,30.71,25.4,29.98,4553833,adjusted
2025-04-10,28.72,29.1399,26.58,27.0,3226893,adjusted
2025-04-11,27.0,27.245,25.54,26.6,3042508,adjusted
2025-04-14,27.675,28.31,26.425,27.0,2464746,adjusted
2025-04-15,26.93,28.08,26.93,27.3,1593863,adjusted
2025-04-16,26.0,26.63,25.4,25.99,2808702,adjusted
2025-04-17,26.09,26.8,25.75,26.24,1919586,adjusted
2025-04-21,25.23,25.74,24.05,24.34,2504958,adjusted
2025-04-22,24.71,25.69,24.4601,24.69,1909705,adjusted
2025-04-23,27.09,28.75,26.85,27.15,3187318,adjusted
2025-04-24,27.9,29.88,27.6,29.34,2175961,adjusted
2025-04-25,29.04,30.6658,28.91,30.03,1830049,adjusted
2025-04-28,29.71,30.304,29.32,29.93,1918976,adjusted
2025-04-29,29.51,31.36,29.45,31.19,2748179,adjusted
2025-04-30,29.56,31.3,29.29,31.25,2196933,adjusted
2025-05-01,32.37,33.28,32.3,32.34,2790222,adjusted
2025-05-02,33.18,34.38,32.77,34.13,3072298,adjusted
2025-05-05,33.25,34.82,33.25,34.66,2637190,adjusted
2025-05-06,33.55,34.66,33.06,33.9,1963744,adjusted
2025-05-07,33.68,34.415,33.06,34.37,1359866,adjusted
2025-05-08,35.4,35.84,34.16,34.73,1324663,adjusted
2025-05-09,35.3,35.735,34.85,35.07,1409461,adjusted
2025-05-12,37.95,38.68,37.52,38.22,2603367,adjusted
2025-05-13,38.64,39.8745,38.535,39.54,1745375,adjusted
2025-05-14,39.97,40.36,39.28,39.93,2025241,adjusted
2025-05-15,39.21,39.875,38.6701,39.64,1045318,adjusted
2025-05-16,39.52,40.69,39.25,40.42,1443846,adjusted
2025-05-19,39.01,40.16,38.925,40.14,1057530,adjusted
2025-05-20,39.82,40.23,39.3,39.35,1282846,adjusted
2025-05-21,38.9,40.14,38.28,38.51,2394996,adjusted
2025-05-22,38.48,38.8,37.65,37.79,1515276,adjusted
2025-05-23,36.66,37.825,36.37,37.28,1649202,adjusted
2025-05-27,38.75,39.09,38.04,38.78,4136941,adjusted
2025-05-28,38.12,38.346,35.26,37.01,4888976,adjusted
2025-05-29,38.2,38.27,35.27,35.76,2378253,adjusted
2025-05-30,35.2,37.57,34.59,37.33,3323132,adjusted
2025-06-02,37.31,37.56,36.1,37.5,2478853,adjusted
2025-06-03,37.75,38.67,36.92,38.11,1747404,adjusted
2025-06-04,38.46,39.0985,37.45,38.35,2014042,adjusted
2025-06-05,38.59,38.67,37.21,37.58,1427267,adjusted
2025-06-06,38.26,38.43,37.03,37.85,1521313,adjusted
2025-06-09,38.4,41.57,38.14,41.35,3515771,adjusted
2025-06-10,41.56,42.93,41.475,42.16,2513582,adjusted
2025-06-11,42.56,42.92,41.3,41.94,1654845,adjusted
2025-06-12,41.39,41.91,40.84,41.89,1567551,adjusted
2025-06-13,40.44,41.0,39.07,39.14,1940488,adjusted
2025-06-16,40.25,41.74,40.25,40.87,1280275,adjusted
2025-06-17,40.11,41.73,39.97,40.23,1682258,adjusted
2025-06-18,40.48,42.6,40.24,41.91,2339574,adjusted
2025-06-20,41.93,42.18,40.775,41.88,2160194,adjusted
2025-06-23,41.39,42.57,40.25,41.06,1523298,adjusted
2025-06-24,41.93,43.79,41.62,43.66,1847165,adjusted
2025-06-25,43.78,44.545,42.58,44.49,2678751,adjusted
2025-06-26,44.74,45.7,44.6,45.62,1726368,adjusted
2025-06-27,45.87,45.98,44.25,44.91,3631119,adjusted
2025-06-30,45.22,45.69,44.27,45.14,2632790,adjusted
2025-07-01,44.44,44.705,42.375,43.47,2935675,adjusted
2025-07-02,43.53,44.31,43.1745,43.96,1344346,adjusted
2025-07-03,44.42,45.31,43.75,44.84,919331,adjusted
2025-07-07,44.0,44.455,42.42,42.595,1524220,adjusted
2025-07-08,43.22,46.44,42.71,45.1,3681053,adjusted
2025-07-09,45.42,48.53,45.24,48.5,3496971,adjusted
2025-07-10,48.56,48.91,46.91,48.56,2922048,adjusted
2025-07-11,47.835,48.3989,47.25,48.1,1912000,adjusted
2025-07-14,47.74,48.12,46.73,46.93,1340199,adjusted
2025-07-15,48.33,49.27,47.74,48.09,1926954,adjusted
2025-07-16,47.99,48.86,46.57,48.66,1056873,adjusted
2025-07-17,48.47,51.23,48.15,50.87,2518515,adjusted
2025-07-18,51.83,54.02,51.675,53.62,2569965,adjusted
2025-07-21,53.92,54.44,52.955,53.06,1225643,adjusted
2025-07-22,52.63,52.814,50.15,51.47,1341807,adjusted
2025-07-23,51.66,52.94,51.17,51.65,1247878,adjusted
2025-07-24,51.5,52.99,51.495,52.53,1489098,adjusted
2025-07-25,52.28,53.35,51.35,53.07,2107749,adjusted
2025-07-28,53.75,54.57,53.14,54.16,1399108,adjusted
2025-07-29,54.88,55.8,52.83,53.45,1588972,adjusted
2025-07-30,54.07,54.79,52.52,53.71,2146964,adjusted
2025-07-31,53.005,53.68,50.58,51.1,2036959,adjusted
2025-08-01,48.91,51.17,47.34,50.14,1802921,adjusted
2025-08-04,50.43,51.72,50.14,51.69,1297005,adjusted
2025-08-05,52.09,52.78,50.2201,51.05,1441957,adjusted
2025-08-06,50.64,51.01,49.515,50.97,1176927,adjusted
2025-08-07,52.02,52.05,50.0,51.5,1737022,adjusted
2025-08-08,51.93,52.0252,50.72,50.85,1638423,adjusted
2025-08-11,50.7,50.7,47.8571,48.56,1636946,adjusted
2025-08-12,49.31,53.35,49.065,52.71,2073518,adjusted
2025-08-13,52.75,53.5218,52.0,53.24,1713992,adjusted
2025-08-14,51.11,51.685,48.2,50.52,1877247,adjusted
2025-08-15,50.25,50.31,48.81,49.83,1198215,adjusted
2025-08-18,49.75,50.94,49.0639,50.42,872266,adjusted
2025-08-19,50.38,50.38,48.12,48.54,1060786,adjusted
2025-08-20,48.0,48.56,46.02,48.47,1648294,adjusted
2025-08-21,47.92,49.42,47.5,49.39,1597006,adjusted
2025-08-22,49.4,52.445,49.04,51.09,2428230,adjusted
2025-08-25,51.02,51.96,50.42,51.0,3914943,adjusted
2025-08-26,54.56,59.83,53.62,58.72,7153915,adjusted
2025-08-27,58.1,58.39,56.08,58.13,2794938,adjusted
2025-08-28,58.51,61.4,58.4585,60.56,2816291,adjusted
2025-08-29,60.0,60.17,57.61,58.09,1597042,adjusted
2025-09-02,55.99,57.78,55.1801,57.76,1634337,adjusted
2025-09-03,57.84,58.5,57.09,57.93,1532672,adjusted
2025-09-04,58.05,59.95,57.4601,59.9,1446609,adjusted
2025-09-05,60.88,61.55,59.78,60.67,1369163,adjusted
2025-09-08,61.03,61.32,60.06,60.62,1112425,adjusted
2025-09-09,61.0,62.31,60.485,61.58,1054843,adjusted
2025-09-10,62.72,63.4,61.04,61.72,1725033,adjusted
2025-09-11,62.03,62.54,59.77,60.91,1476017,adjusted
2025-09-12,61.01,62.0,59.91,60.3,1396986,adjusted
2025-09-15,60.3,62.935,59.71,62.63,1824230,adjusted
2025-09-16,62.63,63.25,61.615,62.55,1572876,adjusted
2025-09-17,61.69,62.79,60.87,62.22,1480408,adjusted
2025-09-18,63.44,63.4897,61.13,61.15,2250557,adjusted
2025-09-19,61.32,61.778,59.5001,60.87,2617418,adjusted
2025-09-22,61.2,61.94,60.88,61.53,1372844,adjusted
2025-09-23,61.82,62.7912,60.92,61.29,880645,adjusted
2025-09-24,61.21,61.395,59.82,59.83,689386,adjusted
2025-09-25,58.002,61.99,57.5,61.63,1281765,adjusted
2025-09-26,61.63,63.23,61.255,62.97,886916,adjusted
2025-09-29,63.69,66.02,61.715,61.98,1508360,adjusted
2025-09-30,66.39,71.715,65.315,71.45,3869746,adjusted
2025-10-01,70.0,71.78,68.56,71.68,2672574,adjusted
2025-10-02,73.5,73.8299,70.58,72.93,1843674,adjusted
2025-10-03,73.0,74.25,71.5801,72.0,1435080,adjusted
2025-10-06,72.27,73.06,68.12,68.17,1817194,adjusted
2025-10-07,71.3,73.95,70.31,70.91,4413153,adjusted
2025-10-08,70.8,70.91,69.0351,70.54,3300909,adjusted
2025-10-09,70.0,70.52,68.57,70.04,1139863,adjusted
2025-10-10,70.51,70.99,65.15,65.26,2077432,adjusted
2025-10-13,68.03,69.12,66.965,68.27,1853069,adjusted
2025-10-14,65.53,69.305,65.53,67.63,968293,adjusted
2025-10-15,69.24,70.13,68.26,69.79,1055427,adjusted
2025-10-16,70.0,70.84,69.4063,70.75,1075764,adjusted
2025-10-17,69.15,70.39,67.705,67.78,869144,adjusted
2025-10-20,68.5,70.66,68.36,68.54,1312456,adjusted
2025-10-21,68.5,68.665,66.685,67.74,848386,adjusted
2025-10-22,66.24,67.275,63.4,65.13,1282200,adjusted
2025-10-23,65.0,69.21,65.0,68.68,1305056,adjusted
2025-10-24,70.01,70.71,67.015,67.79,1472397,adjusted
2025-10-27,69.54,71.25,69.1,70.66,1480769,adjusted
2025-10-28,71.0,71.35,69.17,70.44,1008095,adjusted
2025-10-29,71.34,72.5,68.2776,69.56,1614880,adjusted
2025-10-30,68.97,70.085,67.33,67.81,896545,adjusted
2025-10-31,68.43,69.22,67.08,67.86,2139641,adjusted
2025-11-03,68.23,68.61,66.62,67.25,2028136,adjusted
2025-11-04,64.95,66.48,64.02,64.42,1010306,adjusted
2025-11-05,64.6,68.9,64.2,67.5,1020064,adjusted
2025-11-06,68.39,71.66,67.535,69.89,1515957,adjusted
2025-11-07,68.11,71.9,66.7,71.88,1437325,adjusted
2025-11-10,74.12,76.5,72.505,75.27,3427805,adjusted
2025-11-11,75.15,75.15,71.09,72.0,1702982,adjusted
2025-11-12,74.73,75.5,71.48,71.7,1496122,adjusted
2025-11-13,70.28,71.0125,66.2791,67.59,2225260,adjusted
2025-11-14,64.41,67.66,62.33,65.46,1395966,adjusted
2025-11-17,64.77,66.78,63.92,64.66,1184620,adjusted
2025-11-18,62.77,64.97,62.11,62.71,2751136,adjusted
2025-11-19,63.08,66.575,62.8448,64.49,1495908,adjusted
2025-11-20,69.32,69.43,62.34,62.57,1777309,adjusted
2025-11-21,62.23,64.885,60.28,63.85,1676299,adjusted
2025-11-24,64.51,71.42,64.51,70.01,2696141,adjusted
2025-11-25,68.655,72.09,61.8,71.78,5962672,adjusted
2025-11-26,71.0,75.435,71.0,73.45,2985057,adjusted
2025-11-28,73.38,74.35,71.425,74.16,1370618,adjusted
2025-12-01,72.0,72.575,68.5907,72.01,1676050,adjusted
2025-12-02,73.62,75.84,72.22,72.83,1545054,adjusted
2025-12-03,73.99,75.42,71.21,73.46,1797141,adjusted
2025-12-04,72.825,79.59,72.775,78.28,2022644,adjusted
2025-12-05,78.92,80.71,78.0,79.61,1570274,adjusted
2025-12-08,79.63,81.0,78.79,79.28,1395215,adjusted
2025-12-09,78.83,81.32,78.5,80.54,871393,adjusted
2025-12-10,80.18,80.305,77.64,79.44,2345517,adjusted
2025-12-11,79.7,80.2,77.05,79.77,1524492,adjusted
2025-12-12,78.1,78.9089,72.66,72.89,1751273,adjusted
2025-12-15,74.44,75.5,72.277,72.54,1463990,adjusted
2025-12-16,71.73,72.59,70.58,71.13,1928912,adjusted
2025-12-17,71.61,72.65,66.745,67.13,1817824,adjusted
2025-12-18,69.17,72.31,68.9101,71.01,1801018,adjusted
2025-12-19,71.94,74.2,71.805,72.97,2385322,adjusted
2025-12-22,74.5,75.9,73.95,75.3,1114398,adjusted
2025-12-23,74.76,76.38,74.5,75.91,807730,adjusted
2025-12-24,76.0,76.475,75.375,75.55,275778,adjusted
2025-12-26,76.23,76.67,75.37,76.07,589840,adjusted
2025-12-29,74.83,76.46,74.1882,75.76,693201,adjusted
2025-12-30,75.77,76.57,75.0,75.16,512940,adjusted
2025-12-31,75.42,75.46,73.68,73.69,623333,adjusted
2026-01-02,75.38,76.87,71.561,75.26,1488445,adjusted
2026-01-05,76.09,77.536,73.2,74.34,1047311,adjusted
2026-01-06,74.45,77.74,73.42,77.44,1097611,adjusted
2026-01-07,76.76,77.02,73.5,76.12,1209693,adjusted
2026-01-08,75.12,75.96,71.83,72.19,1507278,adjusted
2026-01-09,73.125,78.4099,71.8501,77.79,1714518,adjusted
2026-01-12,76.04,79.83,75.51,79.68,1228570,adjusted
2026-01-13,80.1,81.39,75.79,75.98,1477426,adjusted
2026-01-14,74.03,74.84,70.85,74.18,2055964,adjusted
2026-01-15,76.32,78.2,76.025,77.26,1435754,adjusted
2026-01-16,78.74,79.17,75.7,77.56,1304749,adjusted
2026-01-20,75.95,80.3399,75.29,76.99,1611847,adjusted
2026-01-21,78.25,80.75,76.71,80.17,1069946,adjusted
2026-01-22,81.53,83.8,79.44,80.12,1623949,adjusted
2026-01-23,80.12,81.755,78.609,80.52,1398833,adjusted
2026-01-26,79.76,82.05,79.12,81.17,972072,adjusted
2026-01-27,81.49,82.4999,78.65,79.49,1361602,adjusted
2026-01-28,81.3,82.315,79.85,81.57,700038,adjusted
2026-01-29,81.51,82.93,77.62,81.98,1207679,adjusted
2026-01-30,82.52,85.4409,78.35,79.75,2092532,adjusted
2026-02-02,78.74,88.6599,78.74,87.76,2684720,adjusted
2026-02-03,88.15,90.04,83.7,87.63,1980616,adjusted
2026-02-04,88.0,90.085,78.05,81.88,2620071,adjusted
2026-02-05,79.445,84.99,76.01,83.2,1798702,adjusted
2026-02-06,85.38,87.92,83.61,86.5,1526426,adjusted
2026-02-09,85.08,92.34,85.08,88.75,2233343,adjusted
2026-02-10,91.35,91.35,88.19,88.59,1410560,adjusted
2026-02-11,90.54,92.5,86.81,88.53,1648368,adjusted
2026-02-12,88.67,90.16,85.4,86.53,1268600,adjusted
2026-02-13,86.1,88.0,84.14,87.115,847227,adjusted
2026-02-17,85.55,88.77,84.115,87.66,717021,adjusted
2026-02-18,88.24,89.54,86.05,87.29,895457,adjusted
2026-02-19,86.25,86.95,83.91,84.96,1338639,adjusted
2026-02-20,84.82,88.74,84.25,86.77,1043378,adjusted
2026-02-23,85.97,88.9,85.6534,86.82,913414,adjusted
2026-02-24,88.54,91.47,87.875,90.17,1206942,adjusted
2026-02-25,91.0,93.955,90.47,92.16,1614904,adjusted
2026-02-26,93.28,93.28,88.03,90.49,1563986,adjusted
2026-02-27,88.62,90.7,86.8161,90.22,1979681,adjusted
2026-03-02,87.34,96.46,87.34,96.3,2237480,adjusted
2026-03-03,92.6,92.93,89.11,90.17,1871081,adjusted
2026-03-04,94.77,95.0,89.0,89.75,1489348,adjusted
2026-03-05,88.3,89.45,84.675,87.08,1048322,adjusted
2026-03-06,83.75,87.56,81.74,82.02,1458051,adjusted
2026-03-09,80.97,85.405,78.12,85.14,2060681,adjusted
2026-03-10,85.27,88.28,85.27,87.58,907934,adjusted
2026-03-11,87.24,88.57,85.45,85.82,1023969,adjusted
2026-03-12,84.1,84.57,81.34,83.41,978763,adjusted
2026-03-13,84.71,86.125,82.7,84.85,1623934,adjusted
2026-03-16,86.0,89.48,85.17,89.0,2849845,adjusted
2026-03-17,83.25,86.88,78.5,79.21,5308638,adjusted
2026-03-18,80.87,80.87,73.11,73.37,4767537,adjusted
2026-03-19,71.05,80.18,70.76,78.35,4118000,adjusted
2026-03-20,78.2,78.2,72.43,73.6,5441596,adjusted
2026-03-23,76.44,78.8499,75.42,76.52,3451681,adjusted
2026-03-24,75.05,79.95,74.519,77.95,3629345,adjusted
2026-03-25,79.35,81.74,78.475,80.04,2790604,adjusted
2026-03-26,77.79,78.57,73.74,74.16,1991570,adjusted
2026-03-27,74.41,76.18,71.28,72.16,3611483,adjusted
2026-03-30,78.02,78.5,69.16,70.61,5035372,adjusted
2026-03-31,72.84,77.33,71.72,76.89,2467741,adjusted
2026-04-01,78.42,82.46,78.0,80.04,1855138,adjusted
2026-04-02,75.5,83.37,75.5,82.65,2071257,adjusted
2026-04-06,82.65,85.6,82.33,82.64,1147557,adjusted
2026-04-07,82.64,84.37,80.25,83.08,1384328,adjusted
2026-04-08,88.07,90.94,86.43,86.95,2325464,adjusted
2026-04-09,87.01,90.5,86.745,88.66,1853717,adjusted
2026-04-10,92.1,92.1,84.28,85.22,3391346,adjusted
2026-04-13,85.72,91.91,85.475,91.83,2376001,adjusted
2026-04-14,93.335,93.825,88.76,90.12,2384344,adjusted
2026-04-15,90.06,93.85,89.03,93.27,2689898,adjusted
2026-04-16,93.45,102.51,92.46,102.44,3140961,adjusted
2026-04-17,105.625,110.55,104.7,107.71,3572046,adjusted
2026-04-20,107.53,109.19,105.065,105.91,2013866,adjusted
2026-04-21,106.45,109.61,102.71,103.48,3544312,adjusted
2026-04-22,105.93,106.0,100.39,103.48,2132400,adjusted
2026-04-23,103.5,107.99,103.5,105.34,1806425,adjusted
2026-04-24,109.0,113.05,105.21,109.79,2669444,adjusted
2026-04-27,108.13,109.3,99.74,101.29,2811201,adjusted
2026-04-28,98.0,98.1499,92.8,94.4,3226673,adjusted
2026-04-29,96.0,99.42,95.16,98.29,2365287,adjusted
2026-04-30,101.18,106.55,99.5,105.05,3065165,adjusted
2026-05-01,103.46,108.0,102.15,107.81,2141132,adjusted
2026-05-04,108.2,109.25,105.87,107.1,1204206,adjusted
2026-05-05,109.64,113.18,107.2,112.98,1465098,adjusted
2026-05-06,115.44,120.27,110.92,119.19,2781707,adjusted
2026-05-07,125.0,127.185,116.82,121.5,3230816,adjusted
2026-05-08,123.93,126.4899,118.71,121.81,1443241,adjusted
2026-05-11,125.94,137.1,125.43,136.53,4255159,adjusted
2026-05-12,132.6,132.76,124.33,132.08,3335446,adjusted
2026-05-13,139.61,143.34,136.1,139.74,3446617,adjusted
2026-05-14,139.63,141.79,136.97,141.16,2525790,adjusted
2026-05-15,135.3,140.5199,132.88,137.64,2256769,adjusted
2026-05-18,149.13,149.13,128.75,132.39,3361771,adjusted
2026-05-19,128.34,136.7999,124.86,134.79,3234619,adjusted
2026-05-20,138.21,143.6,136.23,141.85,2033887,adjusted
2026-05-21,143.76,149.52,142.03,146.53,2841970,adjusted
2026-05-22,155.0,164.48,151.15,156.78,6409877,adjusted
2026-05-26,160.37,168.29,152.07,164.46,8945423,adjusted
2026-05-27,172.355,172.355,153.28,157.2,7238386,adjusted
2026-05-28,163.64,169.9,156.01,166.33,4846208,adjusted
2026-05-29,168.839,172.3,151.44,152.54,4443612,adjusted
2026-06-01,150.19,154.5,144.55,149.58,3975027,adjusted
2026-06-02,159.6,167.26,157.805548,166.63,3388771,adjusted
2026-06-03,168.52,168.62,160.88,163.5,3298436,adjusted
2026-06-04,156.0,171.37,154.0,169.35,2695324,adjusted
2026-06-05,162.1,166.45,148.04005,151.02,3840385,adjusted
2026-06-08,158.805,160.77,153.34,158.79,3549331,adjusted
2026-06-09,162.085,165.35,143.6101,157.52,4051948,adjusted
2026-06-10,155.16,166.79,150.0,154.28,2462703,adjusted
2026-06-11,156.0,163.98,153.64,163.57,2277640,adjusted
2026-06-12,165.25,170.7,161.36,166.71,1672144,adjusted
2026-06-15,174.9,177.35,169.47,174.3,2889929,adjusted
2026-06-16,171.34,174.27,161.2,161.59,2330810,adjusted
2026-06-17,162.35,164.175,148.9,150.2,2838307,adjusted
2026-06-18,156.09,161.68,152.23,158.23,17932252,adjusted
2026-06-22,166.025,175.69,163.0,174.73,3199390,adjusted
2026-06-23,161.465,166.7118,158.81,163.28,3483343,adjusted
2026-06-24,164.99,165.89,155.06,158.48,2773864,adjusted
2026-06-25,169.5,170.95,153.34,162.27,3546805,adjusted
2026-06-26,155.0,155.705,149.0,149.75,18132458,adjusted
2026-06-29,150.52,156.33,145.91,156.14,3566033,adjusted
2026-06-30,156.24,165.13,154.01,161.85,2664921,adjusted
2026-07-01,150.405,152.205,141.41,147.03,4417021,adjusted
2026-07-02,147.1,148.7,130.37,135.27,4138293,adjusted
2026-07-06,138.51,146.5099,138.01,138.89,2319846,adjusted
2026-07-07,130.0,131.6299,123.91,126.4,3310264,adjusted
2026-07-08,125.29,130.86,122.89,128.84,3075159,adjusted
2026-07-09,136.81,139.6305,133.88,137.5,2870759,adjusted
2026-07-10,133.0,137.47,132.01,136.13,2702491,adjusted
2026-07-13,130.16,135.2999,128.86,132.15,1667752,adjusted
2026-07-14,145.04,148.0,138.01,141.36,3170539,adjusted
2026-07-15,144.19,144.59,130.505,135.22,2821611,adjusted
2026-07-16,131.26,133.23,126.65,127.65,2022700,adjusted
2026-07-17,118.61,127.8099,114.4503,124.96,3452521,adjusted
2026-07-20,127.79,131.94,125.4,125.88,1696519,adjusted
2026-07-21,132.8,138.665,131.21,137.84,2360556,adjusted
2026-07-22,133.07,139.99,133.07,136.93,1218589,adjusted
2026-07-23,133.55,139.32,133.25,138.68,1870485,adjusted
2026-07-24,136.08,137.3,125.68,125.92,1320593,adjusted
2026-07-27,125.55,127.1,115.33,121.52,2011387,adjusted
2026-07-28,113.73,114.76,108.22,111.3,3311967,adjusted
2026-07-29,110.96,112.36,103.1,103.55,2153124,adjusted
2026-07-30,114.79,117.04,110.9,114.61,2138806,adjusted
2026-07-31,121.85,125.29,115.63,117.82,2399031,adjusted
2026-08-03,114.22,120.99,112.75,119.08,2365918,adjusted
2026-08-04,127.25,130.77,125.64,129.16,2340377,adjusted
2026-08-05,126.85,130.0,121.17,121.25,1386678,adjusted
2026-08-06,119.74,137.15,117.5,134.78,2943881,adjusted
2026-08-07,140.17,143.75,136.005,139.42,2155819,adjusted
2026-08-10,142.0,143.65,131.12,131.27,1444392,adjusted
2026-08-11,133.7,135.04,129.995,131.18,775770,adjusted
2026-08-12,139.69,142.37,137.41,140.0,2389901,adjusted
2026-08-13,138.67,140.89,131.37,133.58,2211007,adjusted
2026-08-14,133.83,140.61,132.7802,140.35,1917024,adjusted
2026-08-17,144.78,155.77,143.99,154.22,3751999,adjusted
2026-08-18,145.88,148.63,132.92,135.23,3947758,adjusted
2026-08-19,135.48,138.16,122.99,125.36,3179330,adjusted
2026-08-20,125.24,127.97,123.5,124.88,2009525,adjusted
2026-08-21,131.05,132.78,122.445,124.09,2278304,adjusted
2026-08-24,119.63,123.14,115.0,120.91,2572505,adjusted
2026-08-25,126.0,128.9699,124.11,127.52,8201493,adjusted
2026-08-26,130.9,146.8659,128.0,140.8,10066167,adjusted
2026-08-27,149.4,150.3712,139.435,142.43,3630612,adjusted
