Date,Open,High,Low,Close,Volume,PriceMode
2023-04-17,59.01,60.39,57.42,58.28,424051,adjusted
2023-04-18,58.87,60.94,57.69,60.68,172603,adjusted
2023-04-19,60.65,61.59,59.82,60.69,264943,adjusted
2023-04-20,60.28,61.44,59.7,60.56,316970,adjusted
2023-04-21,27.65,28.7399,23.47,25.61,1540779,adjusted
2023-04-24,25.8,27.04,24.53,26.97,788811,adjusted
2023-04-25,26.73,27.15,25.3717,25.48,893881,adjusted
2023-04-26,25.48,25.76,24.61,25.44,427435,adjusted
2023-04-27,25.5,27.14,25.0,27.06,483851,adjusted
2023-04-28,26.91,29.06,26.84,28.14,520709,adjusted
2023-05-01,28.03,30.28,28.03,30.2,735069,adjusted
2023-05-02,30.23,30.48,29.8875,30.39,478231,adjusted
2023-05-03,30.49,31.84,29.76,30.14,711611,adjusted
2023-05-04,29.79,30.805,29.2,30.8,642910,adjusted
2023-05-05,30.95,31.76,30.3,31.28,359383,adjusted
2023-05-08,31.37,31.79,30.48,31.31,603671,adjusted
2023-05-09,30.61,31.465,29.64,29.77,529639,adjusted
2023-05-10,30.11,30.18,25.2,25.96,947426,adjusted
2023-05-11,25.1,26.12,23.9601,24.52,659792,adjusted
2023-05-12,24.53,24.53,21.83,22.25,966007,adjusted
2023-05-15,21.81,22.96,21.02,22.05,745187,adjusted
2023-05-16,21.31,22.29,20.685,21.53,650090,adjusted
2023-05-17,21.5,23.39,21.21,22.95,722875,adjusted
2023-05-18,23.0,25.39,22.82,24.78,793767,adjusted
2023-05-19,25.23,25.5,23.54,23.61,388321,adjusted
2023-05-22,23.8,25.23,23.33,24.82,529048,adjusted
2023-05-23,24.83,25.16,24.05,24.24,449950,adjusted
2023-05-24,24.08,24.81,23.285,24.56,393034,adjusted
2023-05-25,24.66,24.93,24.245,24.87,324014,adjusted
2023-05-26,24.38,24.8999,22.8801,24.02,680494,adjusted
2023-05-30,23.94,24.28,23.25,23.83,328889,adjusted
2023-05-31,23.44,24.24,23.44,23.87,850470,adjusted
2023-06-01,23.4,23.73,22.87,23.05,507730,adjusted
2023-06-02,23.24,24.59,23.24,24.43,476994,adjusted
2023-06-05,24.5,24.61,23.945,24.31,257225,adjusted
2023-06-06,24.3,25.17,24.01,24.69,334412,adjusted
2023-06-07,24.61,25.92,24.61,25.58,474879,adjusted
2023-06-08,25.28,26.0199,24.86,25.59,356334,adjusted
2023-06-09,25.6,26.43,25.45,26.4,341007,adjusted
2023-06-12,26.38,27.63,26.38,27.01,381665,adjusted
2023-06-13,27.66,29.0,27.12,28.45,460060,adjusted
2023-06-14,28.58,29.11,27.97,28.1,564052,adjusted
2023-06-15,27.95,28.72,27.7,27.84,502565,adjusted
2023-06-16,28.26,29.35,27.735,29.29,1042754,adjusted
2023-06-20,29.0,29.49,27.42,27.78,294852,adjusted
2023-06-21,27.49,27.97,26.59,26.98,525585,adjusted
2023-06-22,26.88,27.48,26.695,27.41,266758,adjusted
2023-06-23,27.25,28.03,26.93,27.52,412951,adjusted
2023-06-26,27.4,27.445,26.38,26.55,251830,adjusted
2023-06-27,26.37,27.65,26.02,27.31,470608,adjusted
2023-06-28,27.38,27.47,26.55,27.35,225785,adjusted
2023-06-29,27.0,28.29,27.0,27.75,219296,adjusted
2023-06-30,27.96,27.98,27.37,27.39,235006,adjusted
2023-07-03,27.4,28.3,27.4,27.63,226680,adjusted
2023-07-05,27.57,28.44,27.5,28.36,594407,adjusted
2023-07-06,28.37,30.87,28.325,30.58,648401,adjusted
2023-07-07,30.67,35.1,30.67,33.62,1475510,adjusted
2023-07-10,34.38,37.1799,34.38,34.9,1453206,adjusted
2023-07-11,35.12,35.46,34.0,35.07,605707,adjusted
2023-07-12,35.78,35.91,33.89,34.75,475922,adjusted
2023-07-13,35.4,36.52,35.1,35.58,461181,adjusted
2023-07-14,35.8,36.29,35.11,35.22,292852,adjusted
2023-07-17,35.25,36.3799,34.78,36.13,444637,adjusted
2023-07-18,36.27,38.19,36.27,37.61,688429,adjusted
2023-07-19,37.55,37.775,36.56,37.52,410756,adjusted
2023-07-20,37.78,38.78,36.7,38.41,432999,adjusted
2023-07-21,38.51,39.13,37.64,38.36,472384,adjusted
2023-07-24,38.17,39.1564,38.0,39.01,286898,adjusted
2023-07-25,39.12,39.295,38.2825,39.06,284107,adjusted
2023-07-26,38.93,40.96,38.8101,40.75,818566,adjusted
2023-07-27,41.14,42.1,40.52,41.08,579390,adjusted
2023-07-28,41.8,43.93,41.5,43.06,662636,adjusted
2023-07-31,43.0,43.265,41.44,42.45,870217,adjusted
2023-08-01,42.71,42.71,40.84,41.23,378386,adjusted
2023-08-02,40.98,40.98,39.84,40.49,435526,adjusted
2023-08-03,40.0,40.525,37.861,38.47,790924,adjusted
2023-08-04,38.25,38.76,37.5,37.71,625882,adjusted
2023-08-07,37.68,39.24,37.68,38.73,442876,adjusted
2023-08-08,38.34,39.37,37.67,39.15,476278,adjusted
2023-08-09,39.27,40.89,39.27,40.28,400570,adjusted
2023-08-10,40.85,40.94,38.76,39.05,589768,adjusted
2023-08-11,38.85,39.97,38.65,39.77,344798,adjusted
2023-08-14,39.56,39.725,38.57,39.01,455175,adjusted
2023-08-15,38.95,39.1378,38.14,38.4,457280,adjusted
2023-08-16,37.92,38.31,37.845,37.97,531136,adjusted
2023-08-17,37.97,38.0,35.79,35.85,762066,adjusted
2023-08-18,35.36,38.05,35.33,37.45,440417,adjusted
2023-08-21,37.44,37.895,36.08,36.74,519393,adjusted
2023-08-22,38.05,42.1099,36.69,39.58,1740665,adjusted
2023-08-23,39.7,39.88,36.75,37.05,861752,adjusted
2023-08-24,36.08,36.85,34.33,34.46,739999,adjusted
2023-08-25,34.33,35.02,33.64,33.84,465342,adjusted
2023-08-28,33.58,34.19,32.9,34.11,547713,adjusted
2023-08-29,34.72,35.01,33.73,34.36,623376,adjusted
2023-08-30,34.18,35.66,34.18,35.0,275199,adjusted
2023-08-31,34.99,35.57,34.711,35.06,365330,adjusted
2023-09-01,34.96,36.54,34.35,36.54,482846,adjusted
2023-09-05,36.08,36.49,34.88,35.03,338093,adjusted
2023-09-06,35.1,35.61,34.77,34.98,391984,adjusted
2023-09-07,34.72,35.25,34.49,34.96,324491,adjusted
2023-09-08,34.83,35.27,34.595,34.97,196905,adjusted
2023-09-11,35.48,35.79,34.86,34.96,206714,adjusted
2023-09-12,34.77,36.74,34.77,36.02,324598,adjusted
2023-09-13,36.03,37.16,35.665,36.78,351863,adjusted
2023-09-14,36.82,38.75,36.8111,38.05,531774,adjusted
2023-09-15,38.13,38.2999,37.03,37.47,440882,adjusted
2023-09-18,37.1,37.8699,36.54,36.89,237124,adjusted
2023-09-19,36.94,37.519,36.17,36.65,764374,adjusted
2023-09-20,36.68,37.55,36.3,36.52,404335,adjusted
2023-09-21,36.25,36.96,35.25,36.32,360416,adjusted
2023-09-22,36.39,37.0861,36.21,36.48,408405,adjusted
2023-09-25,36.63,38.3,36.6,37.99,798290,adjusted
2023-09-26,37.71,38.4,36.56,36.63,452840,adjusted
2023-09-27,36.63,37.5499,36.05,36.73,316125,adjusted
2023-09-28,36.71,38.7,36.71,37.64,520637,adjusted
2023-09-29,37.82,38.12,36.75,37.16,625452,adjusted
2023-10-02,38.84,43.5925,38.8,41.29,3018019,adjusted
2023-10-03,41.5,42.9221,39.58,39.89,1831351,adjusted
2023-10-04,39.84,41.33,38.85,40.67,895769,adjusted
2023-10-05,40.56,41.04,37.84,38.01,1051162,adjusted
2023-10-06,37.91,39.9,36.45,39.23,896998,adjusted
2023-10-09,39.1,39.25,37.14,37.7,919024,adjusted
2023-10-10,37.77,39.66,37.7,38.74,801594,adjusted
2023-10-11,39.49,40.65,37.37,37.8,1088372,adjusted
2023-10-12,37.83,37.83,34.94,35.41,890018,adjusted
2023-10-13,35.64,36.19,33.76,34.98,1065946,adjusted
2023-10-16,35.41,37.0325,34.98,36.4,775639,adjusted
2023-10-17,36.4,38.29,36.4,38.18,707338,adjusted
2023-10-18,38.41,38.53,36.25,36.31,664762,adjusted
2023-10-19,36.51,36.61,35.07,35.35,620457,adjusted
2023-10-20,35.35,35.35,33.69,33.78,652416,adjusted
2023-10-23,33.75,34.23,32.79,33.36,558280,adjusted
2023-10-24,34.03,34.995,33.83,34.75,541384,adjusted
2023-10-25,34.55,34.87,33.55,34.37,415760,adjusted
2023-10-26,34.48,34.65,33.415,33.83,369924,adjusted
2023-10-27,33.94,34.53,33.17,33.47,526513,adjusted
2023-10-30,34.23,34.35,31.34,31.37,1121938,adjusted
2023-10-31,31.31,33.08,30.99,32.91,777516,adjusted
2023-11-01,33.21,34.1,32.53,33.88,1042943,adjusted
2023-11-02,34.64,35.83,34.015,35.56,749764,adjusted
2023-11-03,36.35,37.4723,36.27,36.49,680137,adjusted
2023-11-06,33.89,34.49,31.59,32.97,2159657,adjusted
2023-11-07,32.88,33.78,32.57,33.38,1379851,adjusted
2023-11-08,33.79,35.365,30.55,31.87,1746208,adjusted
2023-11-09,32.15,34.27,31.85,34.26,929134,adjusted
2023-11-10,34.22,35.98,33.73,35.95,1207040,adjusted
2023-11-13,35.78,36.165,34.31,34.35,609191,adjusted
2023-11-14,36.1,36.63,35.19,36.39,819176,adjusted
2023-11-15,36.51,37.12,35.73,36.03,561847,adjusted
2023-11-16,35.98,36.32,35.1,35.69,739163,adjusted
2023-11-17,35.96,37.24,35.64,37.11,671818,adjusted
2023-11-20,37.13,37.38,35.0,35.3,814948,adjusted
2023-11-21,34.62,34.95,34.34,34.43,421048,adjusted
2023-11-22,34.57,35.21,34.57,34.91,294249,adjusted
2023-11-24,34.87,35.615,34.75,35.48,127923,adjusted
2023-11-27,35.11,35.74,34.7475,35.29,270609,adjusted
2023-11-28,35.14,35.14,33.95,34.05,612792,adjusted
2023-11-29,34.4,35.09,33.51,33.52,511085,adjusted
2023-11-30,33.54,34.34,33.292,34.22,835154,adjusted
2023-12-01,34.01,35.18,33.45,34.5,500249,adjusted
2023-12-04,34.15,34.3044,32.2664,33.62,667361,adjusted
2023-12-05,28.14,30.31,27.02,28.41,9793107,adjusted
2023-12-06,28.66,31.31,28.36,31.25,8060099,adjusted
2023-12-07,31.84,32.12,30.35,32.04,1257852,adjusted
2023-12-08,32.1,32.66,31.77,32.66,1171449,adjusted
2023-12-11,32.53,33.1,31.81,31.97,1535980,adjusted
2023-12-12,31.89,31.95,31.26,31.84,918547,adjusted
2023-12-13,31.7,33.2,31.25,32.96,1275978,adjusted
2023-12-14,33.5,34.74,32.04,32.69,1110038,adjusted
2023-12-15,32.98,33.0,31.65,32.55,1169658,adjusted
2023-12-18,33.2,33.95,32.58,33.68,1213386,adjusted
2023-12-19,33.68,34.4,33.53,34.19,804259,adjusted
2023-12-20,34.35,35.2398,34.0,34.44,777060,adjusted
2023-12-21,35.03,35.35,34.27,35.3,438100,adjusted
2023-12-22,35.2,35.49,34.17,34.32,365511,adjusted
2023-12-26,34.55,35.05,33.82,34.64,395547,adjusted
2023-12-27,34.96,34.965,33.98,34.03,398314,adjusted
2023-12-28,33.83,34.37,33.63,33.74,421234,adjusted
2023-12-29,33.73,34.3,33.47,33.96,678102,adjusted
2024-01-02,33.48,34.53,33.23,33.51,586546,adjusted
2024-01-03,33.05,33.71,32.41,33.19,879631,adjusted
2024-01-04,33.94,33.94,32.7,32.72,488366,adjusted
2024-01-05,32.66,33.75,32.66,33.3,422150,adjusted
2024-01-08,33.3,35.46,33.27,34.63,1492857,adjusted
2024-01-09,34.1,34.27,33.4,33.7,268490,adjusted
2024-01-10,33.58,33.7,32.17,32.34,616677,adjusted
2024-01-11,32.22,32.75,31.52,31.72,628100,adjusted
2024-01-12,31.9,31.9909,30.99,31.36,626603,adjusted
2024-01-16,31.04,31.105,29.76,30.46,700176,adjusted
2024-01-17,29.85,30.74,29.7,30.33,480570,adjusted
2024-01-18,30.59,30.835,30.03,30.67,290501,adjusted
2024-01-19,31.15,31.81,30.5,31.68,585967,adjusted
2024-01-22,31.85,32.31,31.52,32.03,388814,adjusted
2024-01-23,32.51,32.93,32.1,32.4,398340,adjusted
2024-01-24,33.0,33.0,32.13,32.65,665326,adjusted
2024-01-25,33.12,33.93,32.75,33.91,1134771,adjusted
2024-01-26,34.0,34.47,33.63,34.44,445362,adjusted
2024-01-29,34.31,35.375,34.15,35.15,724884,adjusted
2024-01-30,34.97,35.42,34.81,35.15,362716,adjusted
2024-01-31,35.15,36.22,34.85,35.38,830631,adjusted
2024-02-01,36.0,37.1,35.66,36.33,1049973,adjusted
2024-02-02,36.33,36.39,35.17,35.41,924482,adjusted
2024-02-05,35.63,39.26,35.107,38.97,1979705,adjusted
2024-02-06,38.97,40.3973,38.41,38.83,1308683,adjusted
2024-02-07,38.47,40.35,38.47,39.31,974460,adjusted
2024-02-08,39.42,41.54,39.26,40.67,1123974,adjusted
2024-02-09,40.45,40.86,39.47,40.29,738728,adjusted
2024-02-12,39.96,42.83,39.64,41.6,1161403,adjusted
2024-02-13,40.5,42.35,40.03,41.34,941155,adjusted
2024-02-14,42.12,42.42,41.23,42.1,842457,adjusted
2024-02-15,42.09,42.8911,40.8,40.88,727998,adjusted
2024-02-16,40.65,41.1,39.44,39.94,765690,adjusted
2024-02-20,39.36,41.5,39.29,41.01,532393,adjusted
2024-02-21,40.98,41.045,40.0,40.57,588778,adjusted
2024-02-22,40.5,41.83,40.01,41.4,698579,adjusted
2024-02-23,41.48,41.75,40.38,40.87,620163,adjusted
2024-02-26,40.49,41.74,40.475,40.51,517090,adjusted
2024-02-27,40.74,41.06,39.58,40.21,453104,adjusted
2024-02-28,39.75,41.28,39.75,40.79,805851,adjusted
2024-02-29,41.99,45.55,41.99,43.3,1377747,adjusted
2024-03-01,43.64,44.71,42.445,44.29,465534,adjusted
2024-03-04,45.45,47.62,45.21,47.53,1117427,adjusted
2024-03-05,47.84,49.0,47.01,47.57,881345,adjusted
2024-03-06,47.56,48.5791,47.1075,48.12,469165,adjusted
2024-03-07,49.77,51.19,49.52,50.89,1462954,adjusted
2024-03-08,51.0,51.83,47.11,48.76,677064,adjusted
2024-03-11,48.65,49.105,47.75,48.06,638666,adjusted
2024-03-12,48.04,48.95,47.51,48.23,429247,adjusted
2024-03-13,47.86,48.9,47.48,48.32,482251,adjusted
2024-03-14,48.05,49.2,47.58,48.69,587652,adjusted
2024-03-15,48.1,48.9,47.56,48.28,464284,adjusted
2024-03-18,48.49,48.89,45.84,46.13,782842,adjusted
2024-03-19,46.05,47.26,45.4,47.08,443808,adjusted
2024-03-20,46.94,47.4,45.95,46.81,918085,adjusted
2024-03-21,46.81,47.26,46.27,46.61,405587,adjusted
2024-03-22,46.61,46.67,45.42,45.66,605788,adjusted
2024-03-25,45.65,45.99,44.64,44.91,473934,adjusted
2024-03-26,45.16,46.38,44.58,45.47,447923,adjusted
2024-03-27,45.85,49.29,45.7855,49.27,910726,adjusted
2024-03-28,49.36,49.59,48.43,49.08,455875,adjusted
2024-04-01,49.05,50.45,48.6,49.16,837010,adjusted
2024-04-02,48.26,48.58,47.275,48.25,371287,adjusted
2024-04-03,48.1,49.57,48.0,48.28,486905,adjusted
2024-04-04,48.6,49.34,46.36,46.63,609073,adjusted
2024-04-05,46.5,47.08,46.315,46.8,406942,adjusted
2024-04-08,45.73,46.45,44.7,45.0,574222,adjusted
2024-04-09,45.01,45.5486,44.28,44.53,670696,adjusted
2024-04-10,43.91,45.3,43.553,44.72,384914,adjusted
2024-04-11,44.79,44.8,43.64,44.16,436809,adjusted
2024-04-12,43.66,44.02,41.57,41.8,820110,adjusted
2024-04-15,42.33,42.68,40.18,40.2,747186,adjusted
2024-04-16,40.1,41.16,39.34,40.73,761398,adjusted
2024-04-17,40.71,41.08,37.81,38.59,1175936,adjusted
2024-04-18,38.77,39.26,37.95,37.96,527175,adjusted
2024-04-19,37.62,40.07,37.475,38.66,797387,adjusted
2024-04-22,38.94,41.95,38.4901,41.44,1395753,adjusted
2024-04-23,41.44,43.165,41.23,42.23,1235832,adjusted
2024-04-24,42.04,42.04,40.71,41.12,625814,adjusted
2024-04-25,40.44,40.7599,38.92,40.45,814047,adjusted
2024-04-26,40.16,40.49,39.21,39.77,411163,adjusted
2024-04-29,39.83,40.07,39.12,40.06,251684,adjusted
2024-04-30,39.86,40.06,38.615,38.86,677756,adjusted
2024-05-01,38.99,40.38,38.7,39.46,679365,adjusted
2024-05-02,39.87,40.6,39.39,40.39,463731,adjusted
2024-05-03,41.08,41.95,40.33,40.51,436152,adjusted
2024-05-06,40.69,41.43,40.65,40.74,313048,adjusted
2024-05-07,40.66,41.36,40.44,40.68,328865,adjusted
2024-05-08,40.26,40.73,39.34,39.82,587841,adjusted
2024-05-09,40.02,41.31,39.54,41.26,1085874,adjusted
2024-05-10,41.2,41.425,38.02,39.26,2275158,adjusted
2024-05-13,39.33,41.31,38.11,38.56,980063,adjusted
2024-05-14,38.93,39.07,36.51,38.01,1243464,adjusted
2024-05-15,38.4,39.0,36.935,37.8,1046509,adjusted
2024-05-16,38.02,38.19,36.86,37.4,589537,adjusted
2024-05-17,37.62,37.62,35.81,36.04,1232969,adjusted
2024-05-20,36.12,37.03,35.8801,36.76,680915,adjusted
2024-05-21,36.63,38.08,36.455,37.99,641859,adjusted
2024-05-22,37.89,38.51,37.12,37.34,1019584,adjusted
2024-05-23,37.49,38.41,35.08,35.12,1084280,adjusted
2024-05-24,35.42,36.47,35.305,35.47,529493,adjusted
2024-05-28,35.99,36.34,35.065,35.28,535799,adjusted
2024-05-29,35.0,35.74,34.561,35.35,419172,adjusted
2024-05-30,35.41,36.7,35.22,36.22,360487,adjusted
2024-05-31,36.0,37.06,36.0,36.5,431503,adjusted
2024-06-03,36.81,37.78,36.35,37.75,450377,adjusted
2024-06-04,37.38,38.635,37.09,38.06,634318,adjusted
2024-06-05,38.16,38.5,37.34,37.76,415039,adjusted
2024-06-06,37.49,37.73,37.15,37.18,248814,adjusted
2024-06-07,36.9,37.19,36.5375,36.72,359015,adjusted
2024-06-10,36.6,37.29,36.52,36.58,645716,adjusted
2024-06-11,36.46,37.3899,36.37,37.03,288725,adjusted
2024-06-12,37.39,38.0,36.82,36.83,393885,adjusted
2024-06-13,36.4,36.75,34.73,34.88,958350,adjusted
2024-06-14,34.58,34.95,33.7,34.4,685881,adjusted
2024-06-17,34.4,34.73,33.51,34.49,654035,adjusted
2024-06-18,34.52,34.8899,33.9581,34.27,595253,adjusted
2024-06-20,34.2,34.805,33.98,34.0,582533,adjusted
2024-06-21,33.96,34.01,33.0,33.28,883738,adjusted
2024-06-24,33.25,33.65,32.1,32.49,1004430,adjusted
2024-06-25,32.77,34.95,32.3,34.83,831817,adjusted
2024-06-26,34.73,35.0,33.9,34.54,604590,adjusted
2024-06-27,34.17,35.3,34.0,35.28,473374,adjusted
2024-06-28,35.3,35.4999,34.44,35.06,718326,adjusted
2024-07-01,35.12,35.6,34.3,34.62,1363808,adjusted
2024-07-02,34.48,36.6,34.48,36.13,1051273,adjusted
2024-07-03,36.02,37.5,36.02,37.4,620197,adjusted
2024-07-05,37.23,37.89,36.95,37.43,574836,adjusted
2024-07-08,37.73,39.07,37.17,39.07,666065,adjusted
2024-07-09,39.2,39.96,38.525,39.71,765691,adjusted
2024-07-10,39.62,42.41,39.62,42.39,1110509,adjusted
2024-07-11,42.98,44.14,42.06,43.96,912347,adjusted
2024-07-12,44.72,44.99,43.48,43.66,570741,adjusted
2024-07-15,43.79,44.325,43.24,43.37,607653,adjusted
2024-07-16,43.8,44.84,43.6,44.61,611681,adjusted
2024-07-17,43.83,44.1999,41.22,43.0,719908,adjusted
2024-07-18,42.87,44.26,42.68,43.44,385457,adjusted
2024-07-19,43.4,43.54,42.5001,43.06,423557,adjusted
2024-07-22,43.28,45.23,42.49,44.82,663741,adjusted
2024-07-23,44.44,46.7,44.25,45.72,601391,adjusted
2024-07-24,45.7,46.065,43.4209,43.83,604271,adjusted
2024-07-25,44.245,44.72,42.76,42.81,568322,adjusted
2024-07-26,44.1,44.71,42.94,43.08,427522,adjusted
2024-07-29,43.5,44.55,43.19,44.01,385430,adjusted
2024-07-30,44.03,45.0,42.23,42.47,494248,adjusted
2024-07-31,42.99,44.93,42.08,44.48,498967,adjusted
2024-08-01,44.04,44.4,41.12,41.88,485041,adjusted
2024-08-02,40.0,40.59,38.35,39.38,1115490,adjusted
2024-08-05,37.0,39.06,35.78,38.25,742405,adjusted
2024-08-06,38.72,39.93,38.0,39.06,466589,adjusted
2024-08-07,40.32,41.62,39.68,40.16,360803,adjusted
2024-08-08,40.85,40.9,39.9231,40.42,325041,adjusted
2024-08-09,40.14,40.56,39.7,40.23,399285,adjusted
2024-08-12,40.19,40.29,39.36,40.26,285390,adjusted
2024-08-13,40.69,42.49,40.23,40.76,1117869,adjusted
2024-08-14,41.13,45.79,41.06,44.55,1558627,adjusted
2024-08-15,45.81,46.87,44.98,46.24,1173499,adjusted
2024-08-16,47.0,50.88,46.725,49.22,1599540,adjusted
2024-08-19,49.22,50.3,48.95,49.52,666250,adjusted
2024-08-20,49.53,49.56,48.34,48.48,746869,adjusted
2024-08-21,48.88,49.1625,47.79,48.51,640251,adjusted
2024-08-22,48.64,49.53,47.93,48.47,1063953,adjusted
2024-08-23,48.92,50.74,48.75,50.07,836942,adjusted
2024-08-26,50.51,50.51,49.12,49.4,662752,adjusted
2024-08-27,48.94,49.59,47.87,49.04,551762,adjusted
2024-08-28,48.21,48.89,47.44,47.82,465453,adjusted
2024-08-29,48.46,48.46,45.93,47.03,478401,adjusted
2024-08-30,47.52,47.52,46.1,46.6,549539,adjusted
2024-09-03,44.94,45.76,44.19,44.55,979033,adjusted
2024-09-04,44.7,45.02,43.83,44.38,911363,adjusted
2024-09-05,44.64,44.64,43.35,43.64,441817,adjusted
2024-09-06,43.7,43.975,43.07,43.28,433689,adjusted
2024-09-09,43.38,44.08,43.03,43.16,659876,adjusted
2024-09-10,43.24,43.325,39.56,39.76,1984336,adjusted
2024-09-11,39.7,41.94,39.1,41.77,1182912,adjusted
2024-09-12,41.77,42.9,41.03,41.39,738584,adjusted
2024-09-13,41.82,42.35,41.6,42.23,471795,adjusted
2024-09-16,43.73,43.8,41.67,41.77,489599,adjusted
2024-09-17,41.49,41.7,39.81,41.0,782053,adjusted
2024-09-18,41.25,41.68,39.96,39.99,655637,adjusted
2024-09-19,41.55,42.98,40.875,42.75,1540778,adjusted
2024-09-20,42.28,42.56,40.72,41.07,1328535,adjusted
2024-09-23,41.2,41.49,40.52,40.73,340765,adjusted
2024-09-24,40.95,42.165,40.5,41.71,370785,adjusted
2024-09-25,41.55,42.11,41.33,41.94,441728,adjusted
2024-09-26,42.61,43.78,42.4701,43.53,965682,adjusted
2024-09-27,43.98,44.46,43.13,43.38,1066548,adjusted
2024-09-30,43.38,44.38,43.13,44.18,931004,adjusted
2024-10-01,44.02,44.71,43.21,43.84,655295,adjusted
2024-10-02,45.14,47.21,44.81,47.04,1923898,adjusted
2024-10-03,46.49,47.09,44.84,44.89,755084,adjusted
2024-10-04,45.3,45.9,44.735,45.26,296607,adjusted
2024-10-07,45.0,45.28,44.39,45.08,286240,adjusted
2024-10-08,42.46,44.06,41.07,43.8,2489295,adjusted
2024-10-09,43.9,44.34,42.23,43.12,794573,adjusted
2024-10-10,42.7,43.38,42.15,42.99,600119,adjusted
2024-10-11,42.97,44.49,42.79,44.48,450121,adjusted
2024-10-14,44.24,47.999,44.1592,45.99,3068462,adjusted
2024-10-15,47.1,49.4,44.67,48.91,3014203,adjusted
2024-10-16,48.96,49.73,47.0665,47.67,906019,adjusted
2024-10-17,48.24,48.85,47.15,47.63,684291,adjusted
2024-10-18,47.76,48.71,46.24,46.36,598609,adjusted
2024-10-21,46.43,46.73,44.585,45.3,550796,adjusted
2024-10-22,45.54,46.12,45.24,45.96,514260,adjusted
2024-10-23,45.92,45.92,44.25,44.27,462695,adjusted
2024-10-24,44.26,44.46,43.74,44.04,517633,adjusted
2024-10-25,44.49,44.86,43.77,44.33,384398,adjusted
2024-10-28,44.5,45.12,44.0,44.77,348275,adjusted
2024-10-29,44.58,44.83,43.09,43.76,681968,adjusted
2024-10-30,43.59,44.28,42.4,42.42,509643,adjusted
2024-10-31,42.41,43.24,41.78,41.81,706502,adjusted
2024-11-01,42.1,42.47,41.8,42.02,436565,adjusted
2024-11-04,41.9,42.56,41.72,41.87,559461,adjusted
2024-11-05,42.1,43.31,41.9,42.97,920675,adjusted
2024-11-06,44.27,45.16,43.14,43.88,659529,adjusted
2024-11-07,44.11,45.445,43.52,44.37,628133,adjusted
2024-11-08,43.97,44.38,42.45,43.81,916597,adjusted
2024-11-11,43.48,44.3599,42.76,44.03,861244,adjusted
2024-11-12,42.0,43.435,38.83,40.96,2562737,adjusted
2024-11-13,40.65,42.68,40.6,41.73,962170,adjusted
2024-11-14,42.1,42.27,39.48,40.36,925538,adjusted
2024-11-15,40.4,41.19,39.76,40.0,781380,adjusted
2024-11-18,40.0,41.0395,40.0,40.65,1368213,adjusted
2024-11-19,40.18,41.73,39.832,41.48,348391,adjusted
2024-11-20,41.8,42.37,41.41,42.07,392862,adjusted
2024-11-21,42.03,42.64,40.95,41.04,593186,adjusted
2024-11-22,41.04,41.37,39.96,40.29,1082746,adjusted
2024-11-25,40.6,41.7,40.35,41.1,726200,adjusted
2024-11-26,41.11,41.2,40.1899,41.04,536651,adjusted
2024-11-27,41.2,41.8,40.06,40.22,367074,adjusted
2024-11-29,40.6,41.31,40.105,41.15,239102,adjusted
2024-12-02,40.84,41.32,40.41,41.05,361192,adjusted
2024-12-03,40.7,41.6137,40.3,40.55,362881,adjusted
2024-12-04,40.73,41.6975,39.26,39.58,830211,adjusted
2024-12-05,39.5,39.6,37.71,37.85,855047,adjusted
2024-12-06,38.2,39.6,37.7701,39.05,1659367,adjusted
2024-12-09,39.38,39.53,37.71,37.79,803942,adjusted
2024-12-10,37.6,37.81,36.44,36.82,1623362,adjusted
2024-12-11,37.0,38.35,36.175,37.79,999495,adjusted
2024-12-12,37.5,38.57,37.25,38.4,552843,adjusted
2024-12-13,38.23,38.65,37.6,37.81,465623,adjusted
2024-12-16,37.8,40.185,37.8,38.05,525138,adjusted
2024-12-17,37.8,38.09,36.65,38.01,700464,adjusted
2024-12-18,38.2,39.19,36.93,36.96,874511,adjusted
2024-12-19,37.45,38.085,36.25,36.79,695486,adjusted
2024-12-20,36.22,38.88,36.2,38.7,1323050,adjusted
2024-12-23,38.22,38.6,37.37,37.83,765489,adjusted
2024-12-24,37.4,38.42,37.19,38.42,420818,adjusted
2024-12-26,38.0,38.66,37.715,38.34,401522,adjusted
2024-12-27,38.05,38.52,37.4,38.08,499689,adjusted
2024-12-30,37.65,40.23,37.2,40.15,694455,adjusted
2024-12-31,40.5,41.43,40.15,40.32,1019290,adjusted
2025-01-02,40.72,42.61,40.22,41.51,1132557,adjusted
2025-01-03,41.77,42.4975,40.37,42.46,876205,adjusted
2025-01-06,42.94,43.74,42.46,43.06,812571,adjusted
2025-01-07,43.36,43.66,41.335,41.81,782724,adjusted
2025-01-08,41.24,41.91,40.63,41.37,457917,adjusted
2025-01-10,40.42,41.97,39.2101,41.6,684614,adjusted
2025-01-13,41.18,42.15,40.68,41.63,348328,adjusted
2025-01-14,41.88,42.58,41.04,41.52,566520,adjusted
2025-01-15,42.52,43.1,40.81,41.9,562692,adjusted
2025-01-16,41.89,42.4,41.34,41.53,934045,adjusted
2025-01-17,41.93,42.54,41.12,41.39,1002900,adjusted
2025-01-21,41.63,42.02,40.95,41.18,512677,adjusted
2025-01-22,41.5,41.83,41.2122,41.5,356189,adjusted
2025-01-23,41.18,44.14,40.64,42.95,897108,adjusted
2025-01-24,42.81,43.05,42.02,42.93,355826,adjusted
2025-01-27,42.88,45.95,42.88,45.69,833255,adjusted
2025-01-28,45.84,46.39,44.89,44.89,452029,adjusted
2025-01-29,45.0,46.04,44.6425,45.96,365839,adjusted
2025-01-30,46.2,46.54,45.09,46.17,387048,adjusted
2025-01-31,46.4,47.79,46.05,46.6,879501,adjusted
2025-02-03,45.55,47.48,45.01,45.17,1010278,adjusted
2025-02-04,45.01,45.93,44.54,45.23,502469,adjusted
2025-02-05,45.82,47.535,44.83,47.43,751573,adjusted
2025-02-06,47.43,47.785,46.57,47.41,365037,adjusted
2025-02-07,47.26,47.99,46.81,47.44,390277,adjusted
2025-02-10,47.44,48.46,46.66,47.72,1170721,adjusted
2025-02-11,47.84,47.84,45.685,46.26,450754,adjusted
2025-02-12,46.0,46.96,45.6,46.64,340031,adjusted
2025-02-13,46.75,47.41,46.69,47.4,337996,adjusted
2025-02-14,47.6,48.4,46.56,48.2,479050,adjusted
2025-02-18,48.0,49.115,47.02,47.64,457046,adjusted
2025-02-19,47.12,48.4,46.6,47.93,379131,adjusted
2025-02-20,47.8,48.0,46.81,47.38,953673,adjusted
2025-02-21,48.0,48.8,46.35,46.92,834286,adjusted
2025-02-24,46.05,46.6,44.08,45.0,918584,adjusted
2025-02-25,45.2,45.4,42.38,42.38,1069573,adjusted
2025-02-26,42.29,43.89,41.87,42.29,727153,adjusted
2025-02-27,42.59,43.36,41.8,43.0,638106,adjusted
2025-02-28,43.03,43.89,42.36,43.63,552143,adjusted
2025-03-03,40.82,44.435,37.62,37.69,1781556,adjusted
2025-03-04,37.32,38.75,34.56,37.55,2381319,adjusted
2025-03-05,37.25,38.52,36.0,38.01,951978,adjusted
2025-03-06,37.0,38.2,36.49,37.46,800949,adjusted
2025-03-07,37.25,37.5,34.875,35.41,1446729,adjusted
2025-03-10,34.83,35.155,32.3,32.79,2242546,adjusted
2025-03-11,32.92,33.64,31.56,31.64,1703471,adjusted
2025-03-12,32.59,32.97,30.78,31.89,1593818,adjusted
2025-03-13,31.75,31.88,30.62,30.94,1227272,adjusted
2025-03-14,31.51,32.23,31.25,31.52,1114522,adjusted
2025-03-17,31.43,33.06,31.43,32.68,671589,adjusted
2025-03-18,32.82,32.82,31.33,31.71,1249277,adjusted
2025-03-19,31.74,32.5,31.53,32.38,537744,adjusted
2025-03-20,32.0,32.69,31.8,32.22,384710,adjusted
2025-03-21,31.71,32.12,31.54,32.09,530795,adjusted
2025-03-24,32.25,32.99,32.24,32.51,538184,adjusted
2025-03-25,32.75,33.51,32.105,33.12,732919,adjusted
2025-03-26,33.35,34.305,33.07,33.79,1139929,adjusted
2025-03-27,33.57,34.24,33.25,33.78,656594,adjusted
2025-03-28,34.49,34.94,32.9,33.23,758532,adjusted
2025-03-31,32.73,33.35,32.5,32.72,770634,adjusted
2025-04-01,32.74,33.05,31.85,32.97,800523,adjusted
2025-04-02,32.47,33.855,32.44,33.48,917218,adjusted
2025-04-03,31.47,32.16,28.36,28.84,1249876,adjusted
2025-04-04,27.5,28.19,25.44,26.72,1723308,adjusted
2025-04-07,25.03,28.52,24.77,27.17,1387090,adjusted
2025-04-08,28.35,28.92,25.84,26.01,979351,adjusted
2025-04-09,25.94,31.05,25.3,30.97,1947023,adjusted
2025-04-10,29.44,30.5,27.06,28.57,1177514,adjusted
2025-04-11,28.46,28.57,26.26,27.09,892636,adjusted
2025-04-14,27.7,28.11,26.1,26.5,1194287,adjusted
2025-04-15,26.14,27.08,26.04,26.35,476419,adjusted
2025-04-16,25.95,26.18,24.6,25.11,601070,adjusted
2025-04-17,25.29,25.85,24.75,25.38,697167,adjusted
2025-04-21,25.12,25.495,23.89,24.28,510872,adjusted
2025-04-22,24.49,24.96,24.35,24.84,1001847,adjusted
2025-04-23,26.27,27.1099,25.2146,25.3,1050689,adjusted
2025-04-24,25.08,26.5,25.08,26.47,653479,adjusted
2025-04-25,29.685,30.49,27.52,28.88,3208171,adjusted
2025-04-28,29.21,29.96,28.55,29.56,1335400,adjusted
2025-04-29,29.31,29.74,28.105,28.25,2107593,adjusted
2025-04-30,27.6,27.87,26.765,27.25,722444,adjusted
2025-05-01,27.01,27.82,26.54,27.12,885720,adjusted
2025-05-02,27.28,28.52,27.19,28.06,625976,adjusted
2025-05-05,27.58,28.34,27.17,27.94,603767,adjusted
2025-05-06,27.64,29.2,27.615,28.99,894637,adjusted
2025-05-07,29.32,30.5989,29.25,29.78,941601,adjusted
2025-05-08,30.88,31.86,29.41,31.58,902657,adjusted
2025-05-09,32.52,33.78,31.8462,32.51,864318,adjusted
2025-05-12,35.72,36.17,34.67,35.74,1804909,adjusted
2025-05-13,36.0,37.84,35.9,37.56,1029868,adjusted
2025-05-14,37.35,37.91,36.88,37.84,599906,adjusted
2025-05-15,37.6,37.91,36.6,37.54,749373,adjusted
2025-05-16,37.66,39.0232,37.53,38.78,1006075,adjusted
2025-05-19,37.91,39.64,37.77,39.49,608414,adjusted
2025-05-20,39.4,39.5376,38.41,39.35,473091,adjusted
2025-05-21,38.69,39.0,36.15,36.34,698639,adjusted
2025-05-22,36.33,37.88,35.58,37.59,1441415,adjusted
2025-05-23,36.79,37.57,36.68,37.38,454471,adjusted
2025-05-27,38.0,38.68,37.8,38.01,614885,adjusted
2025-05-28,38.15,38.15,36.91,37.83,388949,adjusted
2025-05-29,38.06,38.25,37.43,38.02,770658,adjusted
2025-05-30,37.8,38.15,37.05,37.7,415880,adjusted
2025-06-02,37.73,38.0,37.13,37.86,467820,adjusted
2025-06-03,37.72,38.53,37.4,37.94,427820,adjusted
2025-06-04,37.88,38.025,36.32,37.0,676500,adjusted
2025-06-05,37.04,37.94,36.8,37.33,445556,adjusted
2025-06-06,38.17,38.17,36.9,37.67,423504,adjusted
2025-06-09,38.24,39.2,37.87,38.34,586256,adjusted
2025-06-10,38.59,39.33,38.37,39.12,526956,adjusted
2025-06-11,39.44,40.75,39.02,39.82,547736,adjusted
2025-06-12,39.3,39.855,38.92,39.21,334200,adjusted
2025-06-13,38.48,38.84,38.08,38.22,259555,adjusted
2025-06-16,38.76,40.06,38.64,39.51,533473,adjusted
2025-06-17,39.6,39.61,37.94,38.19,566052,adjusted
2025-06-18,38.19,38.875,38.15,38.44,441816,adjusted
2025-06-20,38.95,39.5,38.525,38.54,446187,adjusted
2025-06-23,39.64,42.64,39.25,40.87,1497252,adjusted
2025-06-24,41.47,41.58,40.54,40.82,779912,adjusted
2025-06-25,40.8,40.9,39.47,39.51,422933,adjusted
2025-06-26,39.6,41.84,39.16,41.75,871075,adjusted
2025-06-27,42.1,42.5,41.35,42.47,971749,adjusted
2025-06-30,42.41,42.96,41.24,41.8,837067,adjusted
2025-07-01,41.35,42.59,40.97,41.7,796840,adjusted
2025-07-02,41.7,42.54,41.4125,42.49,467201,adjusted
2025-07-03,42.6,44.04,42.41,43.43,330281,adjusted
2025-07-07,43.2,43.3489,42.29,43.12,598974,adjusted
2025-07-08,43.2,43.8,42.71,43.11,457376,adjusted
2025-07-09,43.48,43.53,41.81,42.29,697382,adjusted
2025-07-10,42.16,43.02,41.51,43.01,665012,adjusted
2025-07-11,42.71,43.09,42.15,42.94,290291,adjusted
2025-07-14,42.86,44.65,42.8,44.32,408919,adjusted
2025-07-15,44.42,44.425,42.76,42.81,535463,adjusted
2025-07-16,43.0,43.59,42.345,43.5,408341,adjusted
2025-07-17,43.39,45.49,43.39,44.98,751084,adjusted
2025-07-18,45.25,46.75,44.925,46.15,1025290,adjusted
2025-07-21,46.5,47.48,45.34,45.36,421292,adjusted
2025-07-22,45.48,46.61,45.145,46.48,518718,adjusted
2025-07-23,46.75,47.17,46.3638,47.0,639196,adjusted
2025-07-24,46.75,46.85,45.16,45.16,468513,adjusted
2025-07-25,45.5,45.5,43.535,43.58,1020449,adjusted
2025-07-28,43.5,44.3,42.001,43.77,1019527,adjusted
2025-07-29,44.0,44.0,42.56,42.67,621555,adjusted
2025-07-30,42.79,43.67,42.25,42.75,505685,adjusted
2025-07-31,42.875,43.5775,42.62,43.05,568587,adjusted
2025-08-01,42.09,42.5,40.28,40.71,766980,adjusted
2025-08-04,41.25,41.84,40.54,41.75,613820,adjusted
2025-08-05,41.5,42.27,40.24,41.45,612599,adjusted
2025-08-06,41.75,42.56,40.55,42.5,794633,adjusted
2025-08-07,43.05,43.22,40.82,41.42,641457,adjusted
2025-08-08,41.555,42.16,40.23,40.29,1129035,adjusted
2025-08-11,45.0,45.25,38.25,38.7,1894733,adjusted
2025-08-12,39.0,40.44,37.89,38.76,1201898,adjusted
2025-08-13,38.7,40.5,38.22,39.8,794994,adjusted
2025-08-14,39.19,40.02,38.83,39.38,618222,adjusted
2025-08-15,39.25,40.09,39.15,39.87,520974,adjusted
2025-08-18,40.42,42.87,40.01,41.91,1126603,adjusted
2025-08-19,42.25,42.54,40.25,40.74,759374,adjusted
2025-08-20,40.69,40.998,39.69,40.01,464778,adjusted
2025-08-21,40.0,40.69,39.52,40.55,340532,adjusted
2025-08-22,40.8,42.5,40.735,42.46,592876,adjusted
2025-08-25,42.48,45.37,42.4,44.92,1049179,adjusted
2025-08-26,44.75,45.4999,43.3,43.7,1204231,adjusted
2025-08-27,43.5,43.75,42.96,43.0,1010441,adjusted
2025-08-28,43.18,45.5,43.18,45.5,980044,adjusted
2025-08-29,45.87,46.0,44.75,45.31,1252712,adjusted
2025-09-02,45.24,45.99,44.0588,45.99,813758,adjusted
2025-09-03,46.95,49.98,46.7,48.38,2615389,adjusted
2025-09-04,48.5,49.89,47.9103,48.44,871359,adjusted
2025-09-05,48.5,49.0,47.05,48.9,954227,adjusted
2025-09-08,49.29,55.19,49.215,54.42,3558351,adjusted
2025-09-09,53.98,54.42,51.6,51.83,1681758,adjusted
2025-09-10,52.4,55.13,51.35,54.63,1704022,adjusted
2025-09-11,54.53,58.25,54.53,56.96,2101133,adjusted
2025-09-12,57.3,58.72,55.87,58.33,1879870,adjusted
2025-09-15,59.99,61.275,58.13,60.29,1594326,adjusted
2025-09-16,60.5,60.55,59.2,59.43,1588830,adjusted
2025-09-17,59.25,62.36,59.25,61.43,1818678,adjusted
2025-09-18,61.97,62.85,59.7,60.74,1334378,adjusted
2025-09-19,60.58,60.75,59.05,59.71,1447425,adjusted
2025-09-22,60.25,60.25,56.36,57.13,1641484,adjusted
2025-09-23,57.13,59.45,57.05,57.56,1124242,adjusted
2025-09-24,57.42,59.71,57.35,59.13,916523,adjusted
2025-09-25,58.66,59.5,57.79,57.79,1001027,adjusted
2025-09-26,57.75,60.62,57.645,58.98,894045,adjusted
2025-09-29,59.08,62.27,58.945,62.12,1372397,adjusted
2025-09-30,62.0,63.23,61.34,62.12,845128,adjusted
2025-10-01,61.9,64.99,61.33,63.72,1298828,adjusted
2025-10-02,64.0,65.75,63.01,65.72,1060248,adjusted
2025-10-03,65.99,68.0,62.135,62.97,1361089,adjusted
2025-10-06,63.49,64.29,62.22,63.43,653857,adjusted
2025-10-07,62.99,63.49,59.1307,59.67,1369799,adjusted
2025-10-08,60.49,61.465,59.25,59.29,791869,adjusted
2025-10-09,59.09,59.5,57.01,59.15,869706,adjusted
2025-10-10,58.56,61.01,58.56,58.97,1001065,adjusted
2025-10-13,60.49,62.2523,60.02,60.84,665530,adjusted
2025-10-14,60.51,63.49,59.65,62.41,782563,adjusted
2025-10-15,62.99,63.1,61.14,61.67,976354,adjusted
2025-10-16,61.51,62.672,58.96,59.65,716034,adjusted
2025-10-17,59.01,60.61,58.18,58.7,702790,adjusted
2025-10-20,59.62,63.155,59.14,63.09,1520195,adjusted
2025-10-21,63.3,68.15,63.19,65.27,1503590,adjusted
2025-10-22,65.01,65.99,62.08,64.45,1283316,adjusted
2025-10-23,64.98,66.26,64.51,65.15,551949,adjusted
2025-10-24,65.99,67.5,65.51,67.24,861960,adjusted
2025-10-27,67.48,69.7038,67.2,68.04,834856,adjusted
2025-10-28,67.51,68.49,67.01,68.07,628184,adjusted
2025-10-29,67.51,69.98,66.75,67.97,896036,adjusted
2025-10-30,67.51,68.92,66.57,67.4,678345,adjusted
2025-10-31,67.87,69.61,67.11,68.48,1067552,adjusted
2025-11-03,68.78,68.99,65.02,66.34,1402168,adjusted
2025-11-04,64.0,72.14,64.0,69.46,2517919,adjusted
2025-11-05,69.99,74.18,69.01,73.43,1400615,adjusted
2025-11-06,73.01,74.5,71.27,73.07,1105933,adjusted
2025-11-07,72.21,77.48,72.08,77.08,1023142,adjusted
2025-11-10,77.61,78.55,76.43,76.92,1071677,adjusted
2025-11-11,76.86,79.5054,76.61,78.12,1161012,adjusted
2025-11-12,78.45,81.47,78.1401,80.09,961541,adjusted
2025-11-13,79.75,80.0,76.9,77.74,1000249,adjusted
2025-11-14,77.01,78.78,75.6516,77.12,741649,adjusted
2025-11-17,77.61,77.61,74.22,75.13,1146197,adjusted
2025-11-18,74.91,77.26,73.4,77.12,852841,adjusted
2025-11-19,77.46,79.8,76.455,77.8,774127,adjusted
2025-11-20,78.65,81.33,74.13,74.86,1370275,adjusted
2025-11-21,74.97,77.29,73.03,76.0,891762,adjusted
2025-11-24,75.55,78.49,75.44,77.94,769613,adjusted
2025-11-25,78.81,81.8,78.59,81.79,684823,adjusted
2025-11-26,81.99,83.3,81.85,82.88,535316,adjusted
2025-11-28,83.58,84.78,82.6897,84.59,238060,adjusted
2025-12-01,83.4,84.32,81.68,83.14,719068,adjusted
2025-12-02,83.4,84.13,80.44,81.86,876149,adjusted
2025-12-03,81.51,81.97,80.28,81.47,619014,adjusted
2025-12-04,81.41,83.69,81.225,82.76,752565,adjusted
2025-12-05,82.51,85.48,82.24,84.31,518226,adjusted
2025-12-08,84.63,84.98,82.66,84.1,478371,adjusted
2025-12-09,84.49,87.45,83.935,87.1,606213,adjusted
2025-12-10,86.51,87.98,85.2863,86.56,814973,adjusted
2025-12-11,86.35,89.37,86.35,89.15,618814,adjusted
2025-12-12,89.49,93.49,89.37,89.79,978946,adjusted
2025-12-15,90.28,91.535,89.37,89.86,728780,adjusted
2025-12-16,87.91,88.68,85.27,87.5,1374646,adjusted
2025-12-17,87.11,88.585,85.27,86.27,590281,adjusted
2025-12-18,88.98,91.44,88.56,89.27,1062666,adjusted
2025-12-19,90.49,94.64,90.01,93.24,1231659,adjusted
2025-12-22,93.49,96.73,93.49,95.29,848413,adjusted
2025-12-23,94.77,95.8796,93.585,93.92,596423,adjusted
2025-12-24,94.03,94.74,92.6,93.99,913736,adjusted
2025-12-26,93.92,94.21,92.53,93.43,273447,adjusted
2025-12-29,93.49,94.23,92.7,93.19,523545,adjusted
2025-12-30,93.01,97.2,93.01,96.76,535690,adjusted
2025-12-31,96.99,97.05,95.01,95.08,449377,adjusted
2026-01-02,94.69,95.0,90.88,94.3,908367,adjusted
2026-01-05,94.27,95.055,90.41,93.43,722677,adjusted
2026-01-06,93.6,94.75,91.53,92.39,574948,adjusted
2026-01-07,91.45,92.0,88.6994,91.37,1310377,adjusted
2026-01-08,92.02,94.285,90.99,91.37,656580,adjusted
2026-01-09,93.2,97.02,92.49,95.26,691963,adjusted
2026-01-12,94.68,95.6948,93.295,94.78,876686,adjusted
2026-01-13,94.47,98.29,94.16,97.87,989032,adjusted
2026-01-14,97.54,98.42,96.17,98.25,531278,adjusted
2026-01-15,99.47,101.891,96.16,96.44,1330145,adjusted
2026-01-16,96.5,97.88,95.11,96.36,619619,adjusted
2026-01-20,96.85,100.64,94.31,95.32,892679,adjusted
2026-01-21,95.54,95.965,90.76,93.15,728354,adjusted
2026-01-22,96.49,100.22,96.28,98.38,1000293,adjusted
2026-01-23,98.86,99.535,95.31,96.2,612618,adjusted
2026-01-26,96.74,98.59,95.405,95.58,521710,adjusted
2026-01-27,96.02,97.46,94.66,96.37,394936,adjusted
2026-01-28,95.54,96.24,93.6,94.31,349603,adjusted
2026-01-29,94.89,97.0914,92.6857,96.35,553799,adjusted
2026-01-30,96.35,97.99,94.04,95.51,597082,adjusted
2026-02-02,95.26,98.89,94.12,94.62,661638,adjusted
2026-02-03,96.07,96.625,90.9613,95.0,701445,adjusted
2026-02-04,95.0,95.0,90.21,91.7,919912,adjusted
2026-02-05,90.57,92.945,87.602,88.41,758353,adjusted
2026-02-06,88.99,93.825,88.99,93.21,463272,adjusted
2026-02-09,92.24,95.48,92.24,94.92,522129,adjusted
2026-02-10,95.27,97.7,95.0,97.47,512132,adjusted
2026-02-11,97.99,99.38,94.51,94.8,936169,adjusted
2026-02-12,108.56,117.055,106.08,115.72,2524320,adjusted
2026-02-13,116.0,117.5,110.36,115.7,1417038,adjusted
2026-02-17,115.9,118.13,113.47,114.71,653645,adjusted
2026-02-18,114.95,118.1395,114.57,115.24,610297,adjusted
2026-02-19,114.4,117.7899,113.97,115.29,447903,adjusted
2026-02-20,115.17,115.5,113.14,114.24,684204,adjusted
2026-02-23,113.5,113.52,110.74,111.3,503055,adjusted
2026-02-24,110.95,115.75,110.5,113.21,516224,adjusted
2026-02-25,113.42,117.0,112.0709,114.21,701759,adjusted
2026-02-26,115.42,117.045,114.0,116.32,525782,adjusted
2026-02-27,115.52,120.2699,112.63,119.01,804875,adjusted
2026-03-02,116.51,117.8852,113.78,114.4,673968,adjusted
2026-03-03,112.44,113.67,109.61,111.61,751518,adjusted
2026-03-04,113.28,117.16,111.16,115.98,1105947,adjusted
2026-03-05,114.31,115.7399,111.45,113.79,667884,adjusted
2026-03-06,110.84,114.76,110.55,112.82,674581,adjusted
2026-03-09,113.8,119.49,113.8,117.74,1704950,adjusted
2026-03-10,119.29,121.93,114.55,115.12,937699,adjusted
2026-03-11,114.19,118.07,112.03,113.71,1006684,adjusted
2026-03-12,111.72,113.3,108.63,109.89,817750,adjusted
2026-03-13,110.0,111.64,104.645,105.7,1105660,adjusted
2026-03-16,106.15,111.87,105.51,110.91,705251,adjusted
2026-03-17,111.43,114.09,111.2,111.36,810405,adjusted
2026-03-18,111.01,112.35,109.89,110.31,655077,adjusted
2026-03-19,109.44,114.18,108.826,112.88,692712,adjusted
2026-03-20,111.3,113.8,105.6,107.43,4959538,adjusted
2026-03-23,107.41,113.4,106.145,111.2,1007588,adjusted
2026-03-24,110.5,114.98,109.585,114.82,754341,adjusted
2026-03-25,116.04,117.05,113.43,115.82,642343,adjusted
2026-03-26,114.5,116.4,108.02,108.33,875098,adjusted
2026-03-27,105.36,108.555,104.45,106.77,906076,adjusted
2026-03-30,108.45,108.99,104.55,106.58,735338,adjusted
2026-03-31,108.0,117.86,107.475,117.4,1075652,adjusted
2026-04-01,118.98,123.61,118.375,119.81,977808,adjusted
2026-04-02,117.32,127.41,116.1701,127.22,903005,adjusted
2026-04-06,127.99,130.33,125.52,126.33,685703,adjusted
2026-04-07,125.31,127.63,123.04,124.25,579084,adjusted
2026-04-08,130.6,133.52,128.5,130.94,1098097,adjusted
2026-04-09,130.5,131.76,127.57,129.03,607494,adjusted
2026-04-10,129.03,130.4,127.27,128.4,430658,adjusted
2026-04-13,127.0,129.37,126.02,128.87,406162,adjusted
2026-04-14,129.18,133.59,128.47,133.56,381198,adjusted
2026-04-15,135.0,136.57,131.32,132.41,768389,adjusted
2026-04-16,131.8,133.29,130.23,133.09,419724,adjusted
2026-04-17,135.0,137.295,134.0,135.67,424806,adjusted
2026-04-20,135.09,136.9544,131.13,131.28,366709,adjusted
2026-04-21,131.11,131.66,126.68,127.67,411992,adjusted
2026-04-22,128.95,130.4299,127.0,129.25,487512,adjusted
2026-04-23,128.0,130.96,125.3731,127.87,860525,adjusted
2026-04-24,127.88,134.0,126.2001,131.38,620280,adjusted
2026-04-27,132.63,135.26,130.0,134.04,449155,adjusted
2026-04-28,132.83,133.17,126.32,133.0,952104,adjusted
2026-04-29,132.87,139.55,132.87,138.93,694336,adjusted
2026-04-30,140.38,142.66,139.0001,142.45,751688,adjusted
2026-05-01,142.76,146.37,142.76,144.73,778879,adjusted
2026-05-04,144.65,144.85,136.3,136.46,905288,adjusted
